video_id,title,date,view,likecnt,comment,channel_name
zf2IsXjCnyY,남자한테는 이렇게 해야 먹힙니다,2022-10-02,148943.0,3416.0,337.0,김달
6dXaR-1GyLU,이걸 몰라서 남자에게 끌려다니는 여자들 되게 많습니다,2022-09-25,201872.0,3565.0,286.0,김달
0OxSBgfzQv0,남녀 불문하고 애인에게 절대 보여주면 안 되는 친구,2022-09-21,161950.0,2506.0,183.0,김달
LgiBq0_g8g0,결혼하고 싶으면 꼭 보세요. 현실에서 이거 알려주는 사람 못 봤습니다,2022-09-18,288989.0,6803.0,661.0,김달
t8lYYlZajaw,여자 경험 많은 남자들의 고질적인 습관,2022-09-17,229085.0,4421.0,257.0,김달
DygY9xz67Ls,남자가 '이 행동'을 보이면 당신에게 반했다는 뜻입니다.,2022-09-11,340466.0,4360.0,255.0,김달
-E_yv1XarSs,눈 딱 감고 한 번만 해보세요,2022-09-04,379950.0,5288.0,313.0,김달
gyy2syyu6pk,자기의 남자로 만드는 능력이 있는 여자,2022-08-28,175776.0,2776.0,224.0,김달
yguOZKIlYZA,질리는 남자 특징,2022-08-21,214866.0,4388.0,516.0,김달
zGqDXQz6Rfc,여기에 해당하는 남자들은 결혼하면 무조건 변합니다.,2022-08-14,346877.0,7338.0,551.0,김달
CFIJ0OAw8zE,근데 이거 잘하는 남자 거의 못봤습니다,2022-08-07,290098.0,5823.0,338.0,김달
fqTuNm0NVQA,"남자는, 이거 하나면 바뀝니다",2022-07-31,342356.0,5749.0,282.0,김달
wFY6CLsUjh4,자고 나면 달라질 사람인지 알아보는 법,2022-07-24,163189.0,2778.0,175.0,김달
was7UCFl7A8,이성이랑 카톡할 때 이런 사람 진짜 많습니다,2022-07-17,277750.0,4832.0,348.0,김달
T2n5J8N-Hio,30대라면 보지 마세요. 이미 늦었습니다,2022-07-10,351508.0,13918.0,1015.0,김달
VAoipNmtoiY,이거 모르면 열에 아홉의 남자는 결국 다 떠납니다,2022-07-03,464004.0,6195.0,599.0,김달
WoYK4HOrBs8,근데 이거 잘하는 여자 거의 못봤습니다,2022-06-26,493085.0,7956.0,404.0,김달
CmDxtS4kOEY,"믿기 어렵겠지만, 3명 중 1명은 여기에 해당합니다",2022-06-19,272206.0,4293.0,816.0,김달
8i-_D09xpt8,결혼 적령기 여자들을 위한 현실 조언,2022-06-12,215535.0,3438.0,604.0,김달
bvGIUkODznc,연애 못하는 남자들의 특징,2022-06-05,291924.0,3977.0,420.0,김달
GLd6MVVyhFI,애 낳기 전에 꼭 보세요,2022-05-29,158502.0,4136.0,377.0,김달
0lQ2zBI5nTU,"남자를 만날 땐, 이 세 가지만 보시면 됩니다",2022-05-22,570120.0,11180.0,495.0,김달
O7gsRzPb3-U,많은 여자들이 꼭 알아야 하는 사실,2022-05-15,259461.0,4034.0,510.0,김달
JvJoYMuvpuc,연애 초반에 꼭 해야 하는 것,2022-05-08,427904.0,8103.0,380.0,김달
bFqwvOHc0ek,바람피울 남자 미리 알아보는 법,2022-05-01,286230.0,4997.0,330.0,김달
bjekkoc1Y6w,남자들이 절대 질려 하지 않는 여자,2022-04-24,587100.0,9198.0,470.0,김달
St4MjXrv7rw,"꼭, 연애는 이렇게 하세요",2022-04-20,468744.0,7633.0,595.0,김달
4LhVY-alPPg,제 딸을 최초 공개합니다..,2022-04-17,249336.0,5657.0,365.0,김달
3I5ayVed7N4,좋은 여자를 구별할 수 있는 5가지 방법,2022-04-10,328305.0,8652.0,312.0,김달
kAyQcMIF74E,이런 남자는 믿고 결혼하셔도 됩니다,2022-04-03,459390.0,6835.0,537.0,김달
vjOi8UsnN5E,어장 당하는 사람들의 특징,2022-03-27,137612.0,1896.0,176.0,김달
cZYoDvOkx5Y,노처녀가 되는 여자들의 특징,2022-03-20,295630.0,4077.0,1307.0,김달
ewnwDADIMLM,지금 당신이 알아야 하는 것,2022-03-16,167263.0,4987.0,341.0,김달
1-KVu28HHtU,와이프 출산 D-2 👼🏻 내일 입원합니다.. 유도 분만,2022-03-13,83317.0,1749.0,210.0,김달
-OR8UZZw5P0,여자가 남자에게 마음이 떴을 때,2022-03-06,451044.0,4642.0,460.0,김달
NqJpD9nEAr0,분위기 있는 여자가 되는 법,2022-02-27,636898.0,16170.0,468.0,김달
bk7VCXLiqiQ,여자에게 이용당하지 않는 법,2022-02-24,122625.0,1434.0,109.0,김달
PsluuqsUH6o,결혼하기 전에 미리 알아두면 정말 도움 되는 것들,2022-02-20,201099.0,5871.0,153.0,김달
yhAVm2SGUM4,남자가 더 좋아할 수밖에 없게 만드는 여자,2022-02-16,1060630.0,13408.0,618.0,김달
IFWnThjxUNQ,결혼 생각 있는 분들만 보세요,2022-02-13,304940.0,5848.0,984.0,김달
c5H3_yhFcMw,운명의 상대를 만나는 법,2022-02-09,319440.0,6466.0,470.0,김달
E3ATFVigI2Q,좋아하는 사람과 사귈 수 있는 결정적 한방,2022-02-06,563434.0,7606.0,319.0,김달
Trjn9AOliE0,남자가 헤어지고 싶을 때 하는 행동,2022-02-02,461578.0,5295.0,430.0,김달
npslJjrjxe0,"이런 마인드로 연애하면, 시간 지나서 반드시 후회합니다.",2022-01-30,514212.0,6588.0,573.0,김달
LpbyPkhLJdI,정작 남자들한테 인기 없는 여자들,2022-01-26,1125324.0,11971.0,1479.0,김달
0viEmk5mxmk,"남자들은 아무 생각없이 하는 행동인데, 대부분의 여자들이 의미부여하는 것",2022-01-23,266020.0,2745.0,209.0,김달
2fX8G78GukM,힘들 때 꼭 보셨으면 좋겠습니다,2022-01-19,322450.0,9630.0,406.0,김달
OeaKz4sD6uk,"모텔에서 딴 여자랑 나오다가 딱 걸린 남친, 여자친구를 보자마자 한다는 말이...",2022-01-16,188712.0,2611.0,268.0,김달
lx5vh_1uygA,연애는 이런 사람과 하세요,2022-01-09,707314.0,12497.0,480.0,김달
W4_MBBsQIuE,이런 사람들에게는 섹스리스가 찾아올 가능성이 높습니다,2022-01-02,368788.0,3802.0,325.0,김달
QqSwy-id7W0,이것만 되면 연애하면서 절대 싸울 일 없습니다,2021-12-26,232460.0,5326.0,202.0,김달
popFz3l1rB4,썸탈 때 이렇게 행동하면 남자한테 이용당하기 딱 좋습니다,2021-12-19,446386.0,5638.0,406.0,김달
r11CmRLZ3XI,"결혼할 남자, 진짜 잘 고르는 법",2021-12-12,948174.0,22634.0,991.0,김달
FX_SJSoPStY,가장 빠르고 확실하게 남자의 마음을 확인할 수 있는 방법,2021-12-05,512213.0,6737.0,441.0,김달
ZCyIFBka1PE,"남자에게 이런 징조가 보이면, 고민하지 말고 헤어지세요",2021-11-28,664033.0,7157.0,706.0,김달
pwnDq4me2WU,"이런 남자들, 진짜 엄청나게 많습니다",2021-11-21,360683.0,4926.0,410.0,김달
AiikKsYgMsQ,"여자 앞에서 이런 허세 부리면, 무조건 반은 먹고 들어갑니다",2021-11-14,251273.0,3570.0,184.0,김달
jDLPB2fr-Oo,"결혼은, 내가 좋아하는 사람과 하는 게 아닙니다",2021-11-07,623504.0,8660.0,727.0,김달
QiMzBF6lN_o,여자들이 가장 중요하게 생각하는 남자의 매력,2021-11-03,572323.0,8231.0,404.0,김달
WIxhNEUcSTA,저도 이제 더 이상은 못 참겠습니다 죄송합니다,2021-10-27,438164.0,8611.0,1189.0,김달
m-j5wKzXKRA,지 팔자 지가 꼬는 인간들의 특징,2021-10-24,215836.0,4368.0,313.0,김달
7xaak8AAUqY,하루빨리 동심에서 벗어나세요,2021-10-17,291496.0,3876.0,252.0,김달
_5EQc1BCGJo,남자들은 이거 절대 모릅니다,2021-10-13,445627.0,8750.0,574.0,김달
0T5uK2AUrlA,연애 못하는 여자 특,2021-10-10,431951.0,5658.0,444.0,김달
TPC2lW5LbyM,찔리면 지금이라도 고치세요,2021-10-06,356851.0,6700.0,463.0,김달
300GRGBT4WY,무조건 성공하는 고백 방법,2021-10-03,333011.0,6016.0,393.0,김달
BdGNrbYHZDw,저 아빠 됩니다,2021-09-29,160502.0,4436.0,693.0,김달
BJUcqyvfWZg,남자가 미쳐서 정신 못 차리는 여자,2021-09-26,866558.0,8455.0,650.0,김달
PBqAFcYdkdQ,이 영상이 당신의 남은 인생을 바꿀 겁니다,2021-09-19,264335.0,8062.0,367.0,김달
3-iwaHT0LfM,"이걸 모르면, 결혼을 두 번 하게 될 수도 있습니다",2021-09-15,428157.0,6376.0,499.0,김달
R-fMy9rbE0w,연애는 몰라도 결혼은 절대 안 되는 남자,2021-09-12,486425.0,7453.0,530.0,김달
UL7NVojInqk,"절대, 여자 얼굴 보고 연애하지 마세요",2021-09-08,362750.0,4757.0,641.0,김달
pLtqb06MWsw,거의 모든 여자들이 남자친구에게 하는 행동,2021-09-05,833912.0,8503.0,534.0,김달
TwV60OmxkzU,괜찮은 남자들은 이런 곳에 많습니다,2021-08-29,398327.0,6988.0,691.0,김달
twMJp1UqEyQ,많은 사람들이 자기도 모르는 사이에 상대에게 이런 말을 내뱉습니다,2021-08-25,705726.0,10829.0,417.0,김달
rkfxzaHFihs,"연애 안 하고 있을 때, 진짜 조심해야 되는 사람",2021-08-21,427593.0,5234.0,344.0,김달
YC0UewlpRlQ,호구되기 딱 좋은 여자 특징,2021-08-18,373897.0,4466.0,393.0,김달
BxZ1k-L6HQM,"이걸 모르면, 앞으로의 연애도 계속 헤어짐을 반복하게 될 겁니다",2021-08-15,811413.0,10904.0,619.0,김달
3fUCneNGVmk,매력적인 사람들이 공통적으로 가지고 있는 특징,2021-08-11,518374.0,7772.0,465.0,김달
q0zA-adCf58,여기에 해당되는 사람들은 무조건 결혼할 시기를 놓칩니다,2021-08-07,411908.0,4536.0,859.0,김달
JWGw94YXx3A,남자에게 좋은 여자로 기억되는 법,2021-08-03,301149.0,3153.0,310.0,김달
TZdLeTA3F-0,20대의 시간은 사람을 만나는 데 쓰세요,2021-07-31,204487.0,4187.0,315.0,김달
t0T34qTZxtA,소원해진 관계를 되돌릴 수 있는 유일한 방법,2021-07-24,219477.0,2295.0,218.0,김달
7CkFbl4o9f0,결혼을 일찍 하면 안 되는 이유,2021-07-21,171104.0,2030.0,334.0,김달
MfnqxyVWpwY,연애는 몰라도 결혼은 절대 안 되는 여자,2021-07-17,647251.0,9600.0,1261.0,김달
t7bkZycQHIs,이성과 동거해본 적 없는 분들은 꼭 보세요. 안 보면 나중에 반드시 후회합니다,2021-07-14,306230.0,3838.0,437.0,김달
S7iIWJCVGfg,100% 확신할 수 있는 여자들의 호감 신호,2021-07-10,758472.0,6496.0,748.0,김달
rO-6AB7QsJU,남자가 권태기일 때와 사랑이 식었을 때의 차이,2021-07-06,773329.0,6163.0,458.0,김달
RANQBGYk9Gk,여자 머리 위에 있는 남자,2021-06-30,499341.0,5704.0,503.0,김달
ZQjH77Pf7t8,여자 쪽이 더 좋아할 수밖에 없게 만드는 남자,2021-06-27,1259772.0,15338.0,1203.0,김달
sNAqPn9FSmA,마스크 끼고 있는데 번호를 물어보는 이유,2021-06-26,425704.0,3019.0,704.0,김달
diC0oa_Kz5I,결혼 전까지 모아야 하는 금액,2021-06-23,407507.0,5048.0,593.0,김달
sn-PBfwWwDw,연애를 오래 해본 적 없는 사람들은 모르는 사실,2021-06-19,323951.0,4738.0,390.0,김달
FzVjHqk6q_U,받는 것에 익숙해지세요,2021-06-16,242436.0,2599.0,441.0,김달
OLgz7qpSqxQ,"이 방법을 익히면, 삶이 매우 달라집니다",2021-06-13,328243.0,4144.0,430.0,김달
DAVvNfNCPB0,성격이 비슷한 사람을 만나면 안 되는 이유,2021-06-09,409182.0,4711.0,488.0,김달
f04e0cpSL_s,헤어지고 힘들어하지 않는 사람들의 특징,2021-06-05,683509.0,6563.0,677.0,김달
3LiWpbwZxoY,100% 확신할 수 있는 남자들의 호감 신호,2021-05-30,1801516.0,18059.0,1136.0,김달
Nq7pi6dzkkY,연애 초반부터 이미 결과는 정해져있습니다,2021-05-26,1484837.0,14290.0,990.0,김달
qBSOwWXMDlM,여자들은 이걸 왜 모를까?,2021-05-22,246670.0,2913.0,1410.0,김달
oSNt99ujHdA,삶이 피폐해집니다,2021-05-19,1184361.0,12012.0,1543.0,김달
SQHJ63IM7CU,결혼을 반드시 해야 하는 이유,2021-05-16,350991.0,8192.0,1172.0,김달
pQybR0W_2gQ,"연애 아무리 많이 해봤자, 결혼은 결국 이런 사람과 하게됩니다",2021-05-15,820900.0,8087.0,754.0,김달
yMSeVBWbhTI,한 살이라도 젊을 때 반드시 깨달아야만 하는 사실,2021-05-12,732716.0,17124.0,1126.0,김달
-vIByGjQxh8,"이 중에 하나라도 해당된다면, 그 관계는 꼭 다시 생각하세요",2021-05-08,1984477.0,31634.0,1882.0,김달
IXBfFwebFiI,더 좋아하는 쪽은 절대 생각하지 못하는 사실,2021-05-05,754152.0,8362.0,583.0,김달
mFJGbwqrX_s,남자를 쉽게 믿지 못하는 여자들,2021-05-01,180975.0,1837.0,180.0,김달
PtyHABKi5qw,남자들은 다 알지만 여자들은 모르는 사실,2021-04-27,587729.0,5972.0,1129.0,김달
vUE4aqiw_qM,인생을 합리화하는 시기,2021-04-25,104463.0,1996.0,145.0,김달
ppn5ebuTWHc,내가 회사 생활은 절대 하지 않겠다고 결심하게 된 계기,2021-04-21,155222.0,2391.0,386.0,김달
TkYfQt-CjX0,썸남 호텔 유인 작전,2021-04-20,310978.0,4272.0,518.0,김달
U7Q3Xni4XM4,신혼집 마련에 들어가는 비용,2021-04-17,442154.0,7367.0,605.0,김달
xhgFuhidksU,연애가 내 뜻대로 되지 않을 때,2021-04-14,174503.0,2260.0,138.0,김달
v2AUQ1szENI,혹시 월급만 모으고 계신가요?,2021-04-11,228804.0,2925.0,489.0,김달
2bW5C63I6cs,많은 사람들이 이 사실을 꼭 알아야 합니다,2021-04-10,603834.0,11516.0,672.0,김달
OxLzf9Sev38,시답잖은 사람들만 만나는 사람들의 특징,2021-04-07,193201.0,3375.0,405.0,김달
QhRR4_ZMtkY,여자들이 무조건 좋아하는 남자,2021-04-03,847297.0,15241.0,1073.0,김달
dAe8koAP2Us,재회를 부르는 한방의 카톡,2021-03-31,556215.0,4919.0,474.0,김달
WHF2Jitzfvc,집값이 계속 오르는 이유 (집을 가장 싸게 살 수 있는 시점),2021-03-28,113612.0,2376.0,571.0,김달
ClOdgoDJSvY,앞으로 청첩장을 받게 되면 무조건 이렇게 하세요,2021-03-27,416381.0,4780.0,750.0,김달
hfBFO8Escew,내가 변하게 된 계기 (상대방의 행동에 불안해하지 않는 방법),2021-03-24,868280.0,11931.0,942.0,김달
oLWTWNVZE_k,여자들이 속기 쉬운 남자,2021-03-21,238191.0,2396.0,299.0,김달
B9TV8QaickU,거의 모든 사람들이 연애할 때 이런 행동을 합니다,2021-03-20,233328.0,3077.0,292.0,김달
of63KOV2nU0,유튜브판 하트시그널 촬영 현장 VLOG,2021-03-16,85143.0,714.0,64.0,김달
QJweZVFLzjg,관계가 끝난 후 1시간 동안 많은 것들을 알 수 있습니다,2021-03-13,1601918.0,11750.0,1322.0,김달
Wq1oOWpJXuE,8090세대들의 최대 고민,2021-03-10,635285.0,8180.0,972.0,김달
h3pYRGKkTzY,관계는 가지면서 사귀진 않는 진짜 이유,2021-03-09,403618.0,3748.0,679.0,김달
xsuY0rC2Dvs,옷을 입고 있어도 여자의 몸매가 어떨지 알 수 있는 두 가지 방법,2021-03-07,1743206.0,12885.0,4600.0,김달
CPQasBmZqFY,나보다 그 사람이 나를 더 좋아하게 만드는 법,2021-03-06,984396.0,12734.0,611.0,김달
qw-bRF5mlTg,이제야 말씀드려서 죄송합니다,2021-03-03,189530.0,1224.0,156.0,김달
6fZUmAnBaQc,돈입니다,2021-02-28,133196.0,1202.0,425.0,김달
pKQcJ_a6cWU,미래가 불안하신가요,2021-02-24,106571.0,1730.0,182.0,김달
YSqa-qy8egw,나와 깊은 관계까지 생각하는 사람은 반드시 이렇게 행동합니다,2021-02-21,1107767.0,12063.0,559.0,김달
GgYtH-yCwVo,왜 결혼에 실패한 사람들의 얘기를 듣고 있나요?,2021-02-20,61334.0,901.0,171.0,김달
b8vc6LBip0Q,남자가 애간장 타는 여자,2021-02-17,897446.0,11478.0,536.0,김달
yFeUVXlZ56E,지금보다 나은 삶을 사는 방법,2021-02-16,123035.0,2276.0,216.0,김달
fvyv78_Lw1o,남자 앞에서 절대 하면 안 되는 행동들,2021-02-14,1014520.0,14401.0,1509.0,김달
2tao_Q1-KCw,연애 유튜버 셋이 모인 이유.avi,2021-02-11,172878.0,2312.0,261.0,김달
hAi--76MsKQ,덜 사랑하는 방법부터 연습하세요,2021-02-09,554943.0,8907.0,701.0,김달
HS_VgBrqWag,이 세상 모든 여자들에게,2021-02-07,656503.0,9596.0,994.0,김달
OqBsqM5O_z4,무조건 망할 수밖에 없는 사람,2021-02-06,175757.0,2984.0,234.0,김달
RE7Cf0aKrw0,안정적인 연애를 하는 방법,2021-02-03,434681.0,6921.0,324.0,김달
j0ahE4Es9xQ,그리고 이렇게 하세요 (3천만 원을 모으면 달라지는 인생의 변화),2021-02-02,1032641.0,11206.0,1376.0,김달
VRJxDysgFo8,연애 유튜버 둘의 만남 「김달 X 김유신」,2021-01-30,138777.0,2719.0,436.0,김달
gAiNynN8iS4,섹스는 평생 할 수 없습니다,2021-01-29,308261.0,2838.0,849.0,김달
kz56vj-cquQ,솔로세요?,2021-01-27,219048.0,2293.0,482.0,김달
rRfCspqRiv0,여자들의 여우짓,2021-01-24,226407.0,2972.0,573.0,김달
W8zJ9TkawIo,여우인 남자들이 하는 행동,2021-01-19,275832.0,2601.0,433.0,김달
3_xPsl0DcpU,절대 만나면 안 되는 사람,2021-01-17,291163.0,3755.0,404.0,김달
L2YkXPOp5DI,남자가 했을 때 설레는 행동,2021-01-15,184760.0,2188.0,315.0,김달
auQCj1AOR9E,연애하면 안 되는 사람,2021-01-13,284088.0,3897.0,345.0,김달
vwjeZJQpLEA,장거리 연애 중인 분들 보세요,2021-01-12,323244.0,3490.0,510.0,김달
HaI1qaogA04,1억을 모으는 가장 빠른 방법,2021-01-10,387372.0,4653.0,738.0,김달
-fJYbol30ls,절대 만지면 안 되는 여자 신체 부위,2021-01-08,968709.0,8037.0,994.0,김달
dMFzxtrgdtk,"연애 때, 상대방에게 반드시 확인해봐야 하는 한 가지",2021-01-05,483755.0,5584.0,448.0,김달
a72G-1ZNMj4,주변에 너무 흔하지만 대부분의 남자들이 모르는 조심해야 되는 여자,2021-01-02,255352.0,2674.0,424.0,김달
b99mJiG6OmM,절대 만지면 안 되는 남자 신체 부위,2020-12-30,1419145.0,9586.0,1259.0,김달
N6Rhx1eGIAk,욱하는 성격 고치는 방법,2020-12-29,169483.0,3158.0,342.0,김달
cCJG-hJwUqM,헤어지고 정신 못 차리는 친구에게 꼭 전해주세요,2020-12-27,247224.0,3700.0,499.0,김달
sX6_M_JPb3c,도대체 저한테 왜 그러세요?,2020-12-26,382755.0,3528.0,775.0,김달
Qa0ij3-J51g,요즘 10대,2020-12-23,125254.0,2058.0,443.0,김달
rgQzcj1RVuI,절대 친구에게 연애사를 이야기하지 마세요 (특히 여자들),2020-12-22,401491.0,5922.0,451.0,김달
EdnR1u_MN9I,김달 장가가는 날 「결혼식 브이로그」 (Wedding day Vlog👰🏻‍♀️),2020-12-19,236236.0,3986.0,374.0,김달
rbkfePlSYmo,돈 많은 사람 만나는 법,2020-12-18,225067.0,3263.0,442.0,김달
BuLu6qqyP7A,내가 좋아하는 여자를 내 여자로 만들 수 있는 방법,2020-12-15,652921.0,7831.0,619.0,김달
RZdxMfW5bU4,결혼에 골인하는 방법,2020-12-13,128112.0,1572.0,163.0,김달
uqUHRKtDej8,제 결혼식에 모르는 남자가 찾아왔었습니다,2020-12-12,77550.0,1256.0,103.0,김달
JT-kbJOeLkA,남자친구 차 조수석에서 발견된 귀걸이의 정체,2020-12-09,99721.0,1560.0,0.0,김달
D--TXtuxwPk,결혼할 때 들어간 비용 총정리,2020-12-08,1405874.0,18974.0,1232.0,김달
5h8T49nFLmY,질리는 여자 특징,2020-12-06,1489117.0,17240.0,1912.0,김달
7SgXFxXsNu0,내가 결혼 전에 했던 생각,2020-12-05,109086.0,1490.0,230.0,김달
1MPIW_2JCMs,첫 경험 : 많은 사람들이 잘못 알고 있는 사실,2020-12-04,384261.0,3704.0,802.0,김달
GWBYDzDg3RU,제 인성에 대해 말씀드리겠습니다,2020-12-02,92680.0,1022.0,180.0,김달
twhqufBtPEE,상대방의 마음에 안 드는 점을 고치게 만드는 법,2020-12-01,354389.0,6794.0,412.0,김달
igTQLYc3zmo,100% 설레는 여자의 행동,2020-11-29,924894.0,8360.0,583.0,김달
YC_-TLyOz0o,나쁜 남자를 걸러내는 눈,2020-11-28,308507.0,4652.0,404.0,김달
sb0va1LdiaI,남자는 이런 여자를 좋아합니다,2020-11-25,390365.0,3608.0,370.0,김달
An6WL_166dc,프러포즈 썰,2020-11-24,129971.0,2617.0,170.0,김달
lzw9EwJYr5U,나를 진지한 관계로 생각하면 절대 못하는 행동,2020-11-22,863869.0,8771.0,510.0,김달
WYRMOWXy6Ig,카톡 보낼 때 이거 좀 하지 마세요ㅠㅠ,2020-11-21,1242146.0,9957.0,1357.0,김달
sspV5hCYbmk,"밀고 당기지 말고, 당긴 후에 밀어내세요",2020-11-18,753050.0,10490.0,611.0,김달
cLzanauS29k,당신의 운명이 바뀔 이야기,2020-11-17,349314.0,10943.0,443.0,김달
lh5Zyo0Yu8Q,나의 매력을 상승시키는 법,2020-11-14,1135728.0,14559.0,585.0,김달
-lfL9kPYT_8,같은 연애 유튜버끼리 예의는 좀 지켜주시죠...,2020-11-10,344234.0,3784.0,299.0,김달
2yUplgGQDoQ,김달 💖 예신 웨딩촬영 사진 최초공개👰🏻,2020-11-06,378795.0,5200.0,391.0,김달
mCUzKhBKFM0,ㅎㅎ = 너한테 관심 없는 거,2020-11-04,278337.0,2590.0,667.0,김달
EcZO5LUtyD8,연애의 참견에나 나올법한 사연이 실제로...,2020-10-31,136886.0,1254.0,413.0,김달
7IH-n57by4U,사귀기도 전에 알게 돼버린 썸녀의 OO 성향...,2020-10-28,101316.0,1119.0,433.0,김달
jxcaNKq24nE,그 남자가 나를 좋아하는지 알 수 있는 확실한 방법,2020-10-27,1352975.0,12132.0,913.0,김달
v-g5sOfd2Ks,제 입장을 말씀드리겠습니다,2020-10-25,113971.0,1263.0,134.0,김달
oAYIvkpQDWw,남자친구에게 숨겨둔 아이가 있었습니다..,2020-10-23,95042.0,1201.0,226.0,김달
7kyLXagRaV0,갑자기 훅 들어와버린 남사친,2020-10-21,123718.0,1842.0,138.0,김달
kr1l5Ey3II8,헤어진 남자들이 봐야 할 영상,2020-10-20,792483.0,7780.0,887.0,김달
wusHZVoMLt0,예비 장모님께서 나를 처음 보자마자 하셨던 말,2020-10-18,106700.0,1566.0,202.0,김달
zFhvSVzg4s8,'척'하지 마세요,2020-10-16,244858.0,4209.0,226.0,김달
aAxZMlqnqTA,사랑에 정답은 없을지 몰라도 오답은 있습니다,2020-10-14,97896.0,1536.0,165.0,김달
oOoYHG_zVA0,대부분의 남자들이 속마음을 얘기하지 않는 이유,2020-10-11,353148.0,4665.0,727.0,김달
k_K__UwBleM,여자들이 남자에게 잔소리를 하는 이유,2020-10-07,114972.0,1934.0,360.0,김달
voju_SVwnG4,돈을 많이 모을 수 있는 딱 한 가지 방법,2020-10-06,249487.0,4357.0,402.0,김달
Zk_0tDk6RQ8,내가 결혼을 결심한 이유,2020-10-04,357489.0,5048.0,360.0,김달
DSA0Y65pTeA,남자 보는 눈이 없는 여자들,2020-10-02,589309.0,9259.0,1013.0,김달
ioYUkaMQItE,마음 주면 내가 힘들어지는 남자,2020-09-29,574682.0,6607.0,402.0,김달
mRD8D4WDHQg,남자친구 눈알 굴러가는 소리,2020-09-27,107564.0,1222.0,382.0,김달
Pih2bJsmPCw,여자에게 스킨십을 하기 전에 꼭 알아야 하는 사실,2020-09-26,272621.0,2939.0,232.0,김달
Rx3CUZPDEGs,오래 연애하기 위해 필요한 세 가지,2020-09-23,584903.0,9639.0,302.0,김달
sisU-3l4uDU,[결혼 발표] 저 장가갑니다,2020-09-22,614417.0,14745.0,2155.0,김달
ZxCDiBUgZoc,제가 그 사람을 잊을 수 있게 해드릴게요,2020-09-20,751991.0,11103.0,1179.0,김달
Snv-jV8kwaE,똥차만 만나왔던 사람이 벤츠를 만나면,2020-09-18,189427.0,2629.0,336.0,김달
85v9w-Pyd6Y,"이런 징조가 보이면, 그 연애는 절대 시작하지 마세요",2020-09-16,974678.0,12563.0,1534.0,김달
bP79KzQBqx0,미친 사람,2020-09-13,158534.0,2569.0,239.0,김달
qOhD38R5nMQ,여자가 남자에 대해 잘못 알고 있는 사실 3가지,2020-09-12,354018.0,3735.0,420.0,김달
KzRKADIhQbY,그 사람과 자기 전에 꼭 알아둬야 할 것,2020-09-09,431441.0,3996.0,388.0,김달
IPf8uFK_l_o,을에서 갑이 되는 과정,2020-09-08,620095.0,7311.0,480.0,김달
r--B9Luw0J8,남자의 얼굴이 연애에 미치는 영향,2020-09-06,650411.0,5136.0,1655.0,김달
alGjb2xATiA,당신의 남자친구는 야동을 볼까요?,2020-09-05,509045.0,4129.0,1207.0,김달
mr_27_Agcnw,"여자친구의 스폰서, 그 뒷이야기..",2020-09-02,178540.0,2201.0,456.0,김달
-j_TaUypuQA,이 말은 절대 하지 마세요,2020-09-01,225127.0,2762.0,329.0,김달
IzheM79DTuc,여자친구에게 스폰서가 있었습니다...,2020-08-30,365565.0,3409.0,953.0,김달
eEUMMoDXat0,남자가 더 좋아하는 연애는 결국 불행입니다,2020-08-29,996041.0,11733.0,1039.0,김달
p6tT9Dgi2Is,요즘 대세 마이민님과 연애 타로 보고 왔습니다,2020-08-28,73199.0,490.0,48.0,김달
WhWZDWF8Cpo,연애가 인생을 망치는 과정,2020-08-26,509938.0,7814.0,751.0,김달
yEOQRQlREs4,남이 고쳐둔 걸 가져다 쓰라는 이유,2020-08-23,125004.0,1947.0,271.0,김달
g_DkEP5M5bk,그 사람을 놓아주기 힘들다면 보세요,2020-08-22,561416.0,7028.0,629.0,김달
v_GYkQpVs0o,남자가 하룻밤으로 생각하는 여자,2020-08-19,390821.0,5032.0,556.0,김달
LWdNMjNIt1Y,5년 동안 뒤에서 저를 지갑이라 말하고 다녔다네요..,2020-08-18,153601.0,2200.0,315.0,김달
oQZe24IsOcM,남자의 성욕,2020-08-16,799548.0,5207.0,1004.0,김달
Y6oELrhrwRk,내 옆에 가까이 둬야 하는 사람,2020-08-15,175174.0,3131.0,169.0,김달
RM1DPbZMrJc,"XX 냄새 사연, 그 뒷이야기...",2020-08-12,232538.0,2208.0,363.0,김달
ZSuSxQUVOOE,어쩌다 뒷방 늙은이가 되었을까,2020-08-09,69315.0,1255.0,107.0,김달
BtD9HSGdBmk,자존감 낮은 여자들의 연애,2020-08-08,482465.0,6397.0,334.0,김달
xyYkkl43vLo,내가 공무원의 꿈을 포기하고 깨달은 사실,2020-08-05,250747.0,3769.0,610.0,김달
FWuFK_5xQNQ,당신의 소중한 시간을 아낄 수 있는 연애 조언,2020-08-04,508796.0,7114.0,328.0,김달
FC_Nw2ctl5U,여자들이 원하는 남자,2020-08-02,166349.0,2112.0,309.0,김달
9AqWJO3ISqk,남자의 가짜 눈물,2020-07-31,113681.0,1313.0,179.0,김달
mW9wnvOcMrA,XX 냄새 때문에 만나기 힘들 것 같다는 말을 들었습니다,2020-07-29,180729.0,1683.0,402.0,김달
sIQHMeK0BXI,안 좋은 남자를 만나는 여자들의 특징,2020-07-28,263966.0,3938.0,484.0,김달
UrwYLAJa-bM,당신의 연애가 힘든 이유,2020-07-26,256642.0,3940.0,442.0,김달
QRZVV1zg0ms,"내 애인의 여사친, 남사친이 진짜 친구인지 알 수 있는 두 가지 방법",2020-07-25,530175.0,6010.0,813.0,김달
L2EkuG2iyvo,한 연애 유튜버분으로부터 메일을 받았습니다,2020-07-22,187353.0,2299.0,0.0,김달
8YgX71yAAKY,헤어지고 깨달은 사실,2020-07-19,452308.0,6061.0,554.0,김달
teZxAWZcQoQ,60대 어르신에게 소개팅을 시켜드려봤습니다,2020-07-18,30877.0,327.0,24.0,김달
DTe8-SJ7hBA,20대와 30대의 차이,2020-07-17,187977.0,2129.0,272.0,김달
2AbP2e9keCQ,남자친구 앞에서 자꾸만 작아지는 나 자신,2020-07-15,119864.0,1793.0,265.0,김달
cATpuQX3XO0,XX 능력치 테스트를 해봤습니다,2020-07-12,65453.0,764.0,74.0,김달
bW5HNB3BXoM,책임지고 싶은 사람,2020-07-10,139940.0,2300.0,177.0,김달
Xe-OvSNe7IE,"딱 한 번이면, 나와 잘 맞을 사람인지 알 수 있습니다",2020-07-08,860145.0,9784.0,936.0,김달
1RbiMvb2OX4,싸강에서 봤던 남자가 번호를 물어봤어요💕,2020-07-07,72418.0,768.0,112.0,김달
WUHXIeP8lSI,괜찮은 사람일지 알 수 있는 한 가지 방법,2020-07-03,1184465.0,11838.0,855.0,김달
85sQEyAgfR4,부끄럽네요..😅,2020-06-30,102969.0,610.0,93.0,김달
neZL3vycDDk,남자가 평생을 함께 생각하는 여자,2020-06-28,763461.0,8170.0,711.0,김달
zznsrmuq3Wk,어떻게 남자친구 나이를 모를 수 있었던 걸까?,2020-06-24,583734.0,5571.0,2626.0,김달
CmzZhWHhViI,진짜 사랑,2020-06-23,511885.0,8431.0,608.0,김달
xbUfrTi20Os,심각한 결정장애 여자친구,2020-06-20,82974.0,996.0,158.0,김달
oHtDxDwjZ1M,그 누나가 이걸 꼭 봤으면 좋겠어요,2020-06-19,127567.0,2283.0,358.0,김달
E77v-6RqheY,파트너였던 남자가 제 친구와 사귄다네요..,2020-06-17,273288.0,2349.0,648.0,김달
tNNHeIll9b4,"중절 수술 후, 그 뒷이야기... (그 남자에게 온 연락)",2020-06-15,476523.0,4675.0,1465.0,김달
HJLE4viaS9s,하고 싶은 일이 없을 때,2020-06-14,165683.0,2881.0,251.0,김달
NJGr88LPKyo,스푼 디제이女의 미친 텐션ㅋㅋㅋㅋㅋㅋㅋ,2020-06-12,113860.0,1659.0,157.0,김달
P15bVeqhtbs,저 교정했어요..,2020-06-10,131334.0,1236.0,309.0,김달
JMlpaR-zbkc,일주일 만나고 헤어진 남자친구와 단 하룻밤 일로 원치 않는 아이가 생겼습니다..,2020-06-07,613636.0,5854.0,0.0,김달
8a8oXx1SV9g,마음에 드는 사람이 생기면,2020-06-03,263129.0,2729.0,346.0,김달
u-u_rS21Vyc,꼭 보세요. 인생은 100퍼센트 운입니다,2020-05-31,232599.0,4446.0,584.0,김달
6YWFABn5JAo,가슴 수술,2020-05-29,343523.0,1755.0,753.0,김달
dlohqbRYo0w,많은 남자들이 여자 앞에서 하는 매력 없는 행동들,2020-05-27,1426939.0,16994.0,1486.0,김달
LsReDWEntzA,"몸도, 마음도 외로울 때",2020-05-24,523905.0,7584.0,499.0,김달
fkXrNRm7sCI,내 몸을 원하는지 진심인지 알 수 있는 방법,2020-05-22,820369.0,8204.0,799.0,김달
vd7gzfh7s0c,여사친과 같이 하룻밤을 보내면 일어나는 일,2020-05-19,817930.0,6292.0,914.0,김달
b15zq6_450U,남자들은 이런 여자를 좋아합니다,2020-05-17,159311.0,1894.0,388.0,김달
caV6Sp3sfjw,무조건 반은 먹고 들어갈 수 있는 팁,2020-05-16,557331.0,7156.0,702.0,김달
eo37R4vlNBk,보면 볼수록 매력 있는 여자,2020-05-12,1040679.0,11015.0,592.0,김달
RCjDDRwg3rc,헤어질 때 이런 애들 꼭 있더라,2020-05-10,344689.0,3119.0,454.0,김달
nVe0wRxiWhs,저 Jtbc 드라마 ‘부부의 세계’에 출연했습니다,2020-05-09,361795.0,3063.0,317.0,김달
lsjl_V9wZvg,하트시그널 프로필 사진 속에 숨겨진 소름 돋는 비밀,2020-05-06,380583.0,2435.0,305.0,김달
vmzjG6pMJPc,명심할 것. 설렘은 독,2020-05-05,470439.0,8456.0,632.0,김달
1rv6fhbTG4c,남자친구 있으세요?,2020-05-03,262371.0,1733.0,171.0,김달
u_w8orl3EW4,여자들이 남자에 대해 착각하고 있는 사실들,2020-05-02,615685.0,7325.0,894.0,김달
VDEbZWB2TiM,(JPN SUB) 남자를 다루는 소소한 팁,2020-04-28,941886.0,9323.0,605.0,김달
Qp6ADeuzWck,나만 알고 있던 재회 필살기,2020-04-25,1372009.0,14166.0,1671.0,김달
NToQFA0S6n0,남자가 먼저 꽂히게 만드세요,2020-04-22,1239384.0,11082.0,1028.0,김달
C9Z812nb_zk,하트시그널 영상 올리고 나서 방송국에서 선물을 보내주셨습니다,2020-04-21,49438.0,648.0,106.0,김달
OHxcWKGsoaU,불안한 나의 미래,2020-04-19,128154.0,2936.0,279.0,김달
I_L6G1B7vGY,(JPN SUB) 대부분의 여자들이 잘못 알고 있는 사실,2020-04-17,1659217.0,12303.0,2765.0,김달
Pgd2c33YfKM,몸정이 정말 무서운 이유,2020-04-15,584587.0,4469.0,511.0,김달
K_SbKEfUA70,좋은 남자를 구별할 수 있는 5가지 방법,2020-04-14,1896769.0,22799.0,1462.0,김달
HArmGl4AsHg,사랑한다고 상처를 허락하지 말 것.,2020-04-12,132511.0,2061.0,309.0,김달
4_E_x1-8jMc,썸남이 나를 보며 웃는다,2020-04-11,47689.0,706.0,126.0,김달
SE6sNn8UZDw,"너무 힘들 땐, 한 번쯤은 쉬어가세요",2020-04-10,91393.0,1772.0,186.0,김달
B3VlknJzQkY,말을 잘할 수 있는 5가지 방법,2020-04-08,197919.0,3732.0,224.0,김달
oM4rz53ql_g,(JPN SUB) 10명 중 9명의 남자는 이런 여자에게 매력을 느낀다,2020-04-07,1918097.0,18800.0,1089.0,김달
IqbjCkSBKLE,인맥관리 아무리 해봤자 나한테 콩고물 안 떨어집니다,2020-04-05,181141.0,4689.0,589.0,김달
moN-y2ulWcU,김달 프로필 촬영 vlog,2020-04-03,91996.0,1010.0,157.0,김달
4AtSyI6M_cI,우리는 모두 불효자식이므로,2020-04-01,56054.0,978.0,99.0,김달
IEyjvxUR6rc,상대방의 속마음을 읽는 방법 (ft.하트시그널3),2020-03-31,328211.0,3339.0,463.0,김달
ALyh6jB8vt8,헤어지고 좋은 사람으로 기억되고 싶다면,2020-03-29,339449.0,3754.0,419.0,김달
st9IONIWgWs,20대에 깨우치면 인생에 정말 도움되는 것,2020-03-28,523522.0,11000.0,707.0,김달
FGXAlg5oQug,유튜브의 한계,2020-03-25,104355.0,1190.0,140.0,김달
V4obk2jXAS8,잘 생겨지는 법,2020-03-24,655216.0,8938.0,910.0,김달
HpSdgTmjsBw,한국어 패치가 완벽한 미녀의 나라 우크라이나 열혈팬,2020-03-22,40061.0,917.0,118.0,김달
uzeOB5hvW3g,지금 당신이 놓치고 있는 것,2020-03-21,222209.0,4414.0,343.0,김달
iCjYM3G1YYM,떡볶이요...? ㅎㅎㅎㅎㅎㅎㅎㅎㅎ,2020-03-18,49033.0,747.0,163.0,김달
v6L3XJJ343Y,(JPN SUB) 연애만 했다 하면 감정부터 앞서는 사람들에게,2020-03-17,493364.0,6520.0,429.0,김달
AmeGNpUpJ3g,전 여친과 동거 중인 남자친구,2020-03-14,126383.0,1409.0,186.0,김달
aoQm2pSorfE,잘못된 연애 때문에 당신의 직업이 바뀔 수도 있습니다,2020-03-13,136327.0,2916.0,286.0,김달
urQt9HeIYBA,"권승현님, 같은 연애 유튜버끼리 이건 좀 아니지 않나요?",2020-03-11,297024.0,3277.0,786.0,김달
9m0qGSxdeJc,꼭 자기 일 열심히 하는 사람을 만나세요,2020-03-10,257078.0,4499.0,385.0,김달
1VopmarjhtU,연애가 서툴면 호기심을 자극하세요,2020-03-08,509369.0,5477.0,365.0,김달
WM2CVwmc37E,김달 & 하트시그널 시즌3,2020-03-07,346411.0,1874.0,295.0,김달
JXhvLEhQ4CU,"남자에, 여자에 미친 당신에게 묵직한 쓴소리",2020-03-06,397917.0,8212.0,723.0,김달
h1gKHRMjU0s,여자친구 어머니에게 윙크를 했더니...,2020-03-04,65553.0,1308.0,153.0,김달
8M1wNhxVAoY,내 연애가 제일 어려운 이유,2020-03-03,117584.0,1596.0,162.0,김달
VBnvrAdDFNY,(JPN SUB) 모든 남자들이 꼭 봐야 할 영상,2020-03-01,218823.0,3138.0,434.0,김달
78GDOAu1ce8,나를 바꿔가면서 연애하지 마세요,2020-02-29,273840.0,4178.0,313.0,김달
L1a9IZmr5qI,김달이 방송을 준비하기 전과 후의 차이,2020-02-28,436499.0,4213.0,688.0,김달
kYdGAVuDg5k,20대에게 꼭 전하고 싶은 이야기,2020-02-26,131630.0,2722.0,281.0,김달
phMswRmUghk,사람을 끌어당기는 힘,2020-02-25,321969.0,5216.0,411.0,김달
UwnIQi3aOpY,연애학개론 역사상 가장 매력 넘치는 사연녀의 개족보 이야기ㅋㅋㅋㅋㅋ,2020-02-15,448046.0,8257.0,0.0,김달
qBhFM4u7btE,아무것도 하지 않으면 아무 일도 일어나지 않는다,2020-02-12,128527.0,2619.0,244.0,김달
sIu9NkJwBSI,(JPN SUB) 연애 고수가 되는 법,2020-02-11,287409.0,4178.0,302.0,김달
7y1R9KEOVAc,지금 당장엔 절대 생각하지 못하는 것,2020-02-09,139209.0,1841.0,240.0,김달
jrUXBWCuytk,모든 게 완벽한 남자만 가능한 일,2020-02-08,120269.0,1375.0,172.0,김달
y6-f_QbLsxg,가장 힘들었던 순간에 깨닫게 된 사실,2020-02-05,140319.0,2524.0,216.0,김달
yOTWVk7jfy4,지금 당장 당신이 해야 할 것 : 마인드 리셋,2020-02-04,196936.0,3923.0,262.0,김달
F1QrYGETxkk,여자친구가 클럽을 간다네요...,2020-02-02,273193.0,3204.0,675.0,김달
sq5DtYyOa2M,남자친구가 알고 봤더니 이단이었다...,2020-02-01,130992.0,1569.0,0.0,김달
ENz1oRtsfxY,(JPN SUB) 매력있는 사람이 되는 법,2020-01-28,630057.0,9860.0,739.0,김달
SOdzUDIU5NU,(JPN SUB) 연애에 있어서 100퍼센트의 확률,2020-01-26,239045.0,3480.0,329.0,김달
weCIl9tc9vo,왜 왔냐고 물었더니 보고 싶어서 왔다는 직장 선배 (대리 설렘💕),2020-01-25,251453.0,2851.0,298.0,김달
lUESLEJDkEI,내가 20살로 돌아간다면 반드시 할 세 가지,2020-01-23,1309291.0,28302.0,2291.0,김달
oBb9wr8XQmc,연애학개론 역사상 가장 충격적인 사연,2020-01-22,655892.0,6277.0,1007.0,김달
LBGcwSyMZmE,한 사람과 오래 연애하면 발생하는 일,2020-01-19,280142.0,3626.0,457.0,김달
6RFgeZk9dVo,익명의 누군가로부터 도착한 인스타그램 DM의 충격적인 내용,2020-01-18,322949.0,3344.0,540.0,김달
2wGssfseddc,"사랑과 일, 두 가지 모두 쟁취하는 법",2020-01-17,144701.0,2729.0,249.0,김달
OhNVxV8Sdck,때는 바야흐로 1997년.. (feat. 20년 전 추억들 소환),2020-01-15,27082.0,524.0,142.0,김달
X45BQpiMhQA,"(JPN SUB) 그거, 너 혼자 사랑한 거야",2020-01-14,351132.0,4548.0,515.0,김달
JOmhvnY4qHI,남자에게 번호를 자주 따이는 사연녀,2020-01-11,343078.0,3275.0,0.0,김달
vws_C8S8rJY,(JPN SUB) 진짜 연애,2020-01-10,293496.0,3275.0,330.0,김달
8wYopGl9f54,머지않아 당신에게도 찾아올 선택의 갈림길 (능력 vs 사랑),2020-01-08,270252.0,3738.0,676.0,김달
RFI6MuZBswQ,서른 돼서 시작하면 늦는다,2020-01-07,181640.0,3360.0,439.0,김달
rptJPVcV-w4,네이버 클라우드에 여자친구랑 직장 선배가 같이 찍은 사진이...,2020-01-05,133971.0,1472.0,293.0,김달
tUeljchWINc,(JPN SUB) 주변에 너무 흔하지만 쉽게 눈치채지 못하는 조심해야 하는 남자,2020-01-04,530120.0,7470.0,954.0,김달
yrTV2Q9ZfxU,아이가 생기면,2020-01-03,68838.0,960.0,129.0,김달
kpemGnCQWp8,아들 연애 좀 하게 해달라고 찾아오신 56세 어머니,2020-01-01,131052.0,1917.0,240.0,김달
K2nvcjbLg3Q,남해로 여행 갔다가 모텔에 혼자 남겨진 여자친구,2019-12-29,370012.0,3774.0,0.0,김달
Lj5U7Y0Ez9k,가난에서 벗어날 수 있는 유일한 방법,2019-12-28,292627.0,5195.0,837.0,김달
qP9ODwE_Qak,(JPN SUB) 연애 잘만 하는 사람들의 특징,2019-12-27,302774.0,3937.0,245.0,김달
O7m_1jcE5KA,김달 vs 박서아,2019-12-25,625016.0,7379.0,317.0,김달
jViUgzFWagA,나와 잘 맞는 사람,2019-12-24,595261.0,6761.0,527.0,김달
axqfauglXdM,끝까지 파고드는 싸움,2019-12-22,172802.0,2970.0,335.0,김달
ZyArhG2WaZA,지나치게 예쁜 것도 비극이다,2019-12-21,238995.0,2325.0,530.0,김달
InncXjGO_g4,재능 없는 분야에서 시간 낭비하지 않았으면,2019-12-20,82312.0,1537.0,227.0,김달
iF1jCDfQHcg,여자친구 집에 모르는 남자의 주민등록증...,2019-12-18,298697.0,4367.0,840.0,김달
GUP1Byn73kg,주는 사랑 말고 받는 사랑하세요,2019-12-17,337282.0,5021.0,409.0,김달
msZDRAgrvNw,연애는 인생의 전부가 아닙니다,2019-12-15,225412.0,5463.0,576.0,김달
6kBbgifRez8,당신의 2020년을 바꿔드립니다,2019-12-14,254177.0,5412.0,566.0,김달
xrfXP81Gv_o,번호 딴 남자가 알고 봤더니 전 남친의 친구였다...,2019-12-11,245105.0,3123.0,267.0,김달
Ly6iTGWyVSo,너와 나의 연결 거리 (ft. 장거리 연애),2019-12-10,123484.0,1554.0,226.0,김달
poUQxjTbu3M,주변 사람들부터 바꾸세요,2019-12-08,143251.0,2898.0,337.0,김달
uq_q05Bb7-8,마음에 드는 남자의 번호를 따는 방법,2019-12-07,613757.0,7356.0,590.0,김달
4gYIE1Qv630,"연애는, 맞춰주는 쪽이 손해",2019-12-06,449334.0,5495.0,359.0,김달
rS5Lou719EE,어장 속에 갇힌 물고기,2019-12-04,163452.0,1932.0,212.0,김달
1F0x9jpi3os,그 사람과 헤어진 걸 천만다행이라고 생각하세요,2019-12-03,504852.0,6325.0,493.0,김달
QEyPLXF0qxQ,조금 더 일찍 알았다면 좋았을 것들,2019-11-30,233987.0,4093.0,344.0,김달
dqctW0XdbvY,남자들은 모두 공감할 ‘쉽지 않은 남자’,2019-11-29,419862.0,4039.0,328.0,김달
AmK0JpA-t6Y,복수? 너 따위가?,2019-11-26,143475.0,2932.0,277.0,김달
JtVP4HQXJwk,천천히 알아가보자고 하시는 수의사 선생님....💕 (feat. 역대 최고 시청자 달성한 날),2019-11-24,550374.0,10981.0,770.0,김달
5m-q9ZG_aSs,출동한 경찰에게 첫눈에 반해버렸어요...,2019-11-23,329849.0,4929.0,498.0,김달
26KGxKPLgXo,피지컬이 너무 좋은 단골손님ㅋ,2019-11-22,216611.0,2426.0,257.0,김달
JN2370CYgws,아메리카노에 니코틴은 최악이야ㅠㅠㅠㅠㅠ,2019-11-20,178201.0,2255.0,295.0,김달
tKJi5WwBCBs,남자에게 이용당하지 않는 방법,2019-11-19,480765.0,6433.0,441.0,김달
H_h3uFeO72M,💕역대급 설렘 주의💗 “저.. 이 사람 좋아해도 될까요..?”,2019-11-17,540646.0,6343.0,602.0,김달
lEtFBWkXIxk,남자를 유혹하려면 먼저 남자를 알아야지!,2019-11-16,451200.0,4160.0,364.0,김달
a0jNjiZ0FzU,좋아하는 사람이 생기면 이렇게 하세요ㅋㅋㅋ,2019-11-15,294363.0,3110.0,256.0,김달
XjCzYoQQyxI,방심하다가 기습 뽀뽀 당했습니다,2019-11-13,55002.0,1076.0,216.0,김달
2u_7AnsQYQ4,"잘 되는 사람은 계속 잘되고, 안 되는 사람은 계속 안되더라",2019-11-12,152007.0,2495.0,212.0,김달
RH3xKeVA31I,이 말을 절대 믿지 마세요,2019-11-10,128461.0,1813.0,232.0,김달
xghMEH5lXB4,매력 없는 여자,2019-11-08,970677.0,8770.0,737.0,김달
QVfHTMncC48,드릴 말씀이 있습니다,2019-11-06,108627.0,1306.0,236.0,김달
y3vTPuUPuJQ,집이 이렇게 많은데 내 집만 없는 이유,2019-11-05,47451.0,649.0,133.0,김달
ySKKpvkcLis,퇴사하는 직장 상사의 번호를 땄는데 ㅋㅋㅋㅋㅋ,2019-11-03,250941.0,2543.0,478.0,김달
cmYvZ_aUSYA,첫 만남에 어디까지 가능한지 물어봤습니다,2019-11-01,255138.0,2409.0,291.0,김달
m_MonaWEInk,연애가 인생의 전부인 시기,2019-10-30,147461.0,2025.0,358.0,김달
RTMggWZrKXg,전 남친이랑 술 마시러 갔다가...,2019-10-29,168716.0,1664.0,230.0,김달
I-dHPygRsvo,설렘이 끝난 순간부터가 진짜 연애의 시작입니다,2019-10-26,293598.0,4383.0,257.0,김달
qqZiYuh5gXk,당신이 시작한 이유를 잊지 마세요,2019-10-25,133631.0,2203.0,198.0,김달
qXZkfKzqQ0I,정말 소름 돋네요...,2019-10-22,191484.0,2076.0,207.0,김달
_lFZ-HqEJac,최소한 세 번은 해야 되는 거 아닌가요!!?,2019-10-19,588827.0,3489.0,1401.0,김달
ArWNrR8L7zU,키스하기 딱! 좋은 타이밍,2019-10-18,217613.0,2129.0,423.0,김달
OHFN-RNu3uc,제발 이렇게 연애하지 마세요,2019-10-16,648846.0,8153.0,526.0,김달
e7qN9m-tO68,길 가다가 의대생 구독자를 만나면 일어나는 일ㅋㅋㅋㅋㅋㅋㅋ,2019-10-15,163732.0,2651.0,428.0,김달
NY9FJ_USxj8,킨텍스에서 번호 딴 그녀의 첫 데이트..💕 (적극적인 여자 2편ㅋㅋㅋㅋㅋ),2019-10-13,350485.0,5130.0,567.0,김달
lGvTQntCLt4,해탈의 경지에 다다르는 법,2019-10-12,218989.0,3164.0,377.0,김달
BrFwa0Yq50I,사람들이 썸탈 때 가장 많이 하는 실수,2019-10-09,1033641.0,9808.0,639.0,김달
7zR4VPjKqto,요즘은 적극적인 여자가 대세입니다 ㅋㅋㅋㅋㅋㅋㅋ,2019-10-08,775933.0,8833.0,1061.0,김달
g57w4yuuWe0,(JPN SUB) 이런 사람과는 연애를 시작하지 마세요,2019-10-06,1217476.0,10692.0,1259.0,김달
QdEav5nABj4,저와 함께 일하실 분? ㅎㅎㅎ (직원 구합니다),2019-10-04,78502.0,1037.0,276.0,김달
EX2MXyzPbn4,(JPN SUB) 나를 쉽게 생각하는 남자 (남자가 쉽게 생각하는 여자),2019-10-02,826318.0,6939.0,681.0,김달
2Foh9x1XA6o,(JPN SUB) 재회가 가능한 딱 한 가지 경우,2019-10-01,1157812.0,11270.0,1518.0,김달
TJVU1jCihGs,남자친구 부모님 만나러 갈 때 꿀팁 5가지!,2019-09-29,357886.0,4199.0,273.0,김달
iPJRjoZkL10,관계를 회복할 수 있는 방법,2019-09-27,281299.0,3414.0,194.0,김달
p6qNoFoTjSo,나보다 연봉이 높은 친구들을 보며 들었던 생각,2019-09-25,136417.0,1936.0,451.0,김달
Gpqhbjjd5Xs,연애 경험이 중요한 이유,2019-09-24,338407.0,5078.0,436.0,김달
t5o3XvnYhlA,자격지심부터 버리세요,2019-09-22,218561.0,2899.0,340.0,김달
jSSoQiFrU54,(JPN SUB) 마음의 여유가 없으니까,2019-09-21,300560.0,3914.0,281.0,김달
wVriO5zBPpo,어차피 헤어지지도 못할 거면서 (가스라이팅 연애),2019-09-20,205264.0,1964.0,248.0,김달
t5mL67HbyJQ,앞치마요..?,2019-09-18,121290.0,1628.0,289.0,김달
ZSOQp02hD0c,이해할 수 없는 남자들의 행동,2019-09-17,148840.0,1613.0,333.0,김달
P16QYl5mgiM,(JPN SUB) 내가 더 좋아하는 사람과 연애하면서 끌려다니지 않는 방법,2019-09-14,626170.0,9990.0,419.0,김달
CVHgfCTS0fk,새로운 식구가 생겼습니다,2019-09-11,103531.0,1395.0,261.0,김달
nxVg7PhzXOM,이별에 무뎌져야 할 때,2019-09-10,190558.0,2115.0,220.0,김달
SL9I50XO-q8,한순간의 실수,2019-09-07,458790.0,3793.0,610.0,김달
W0uD6w-G__Q,남자는 여자에게 왜 이런 말을 할까..?,2019-09-04,642253.0,5299.0,831.0,김달
en5IakAUJ9c,인생 가장 최고의 순간으로 돌아가는 방법,2019-08-31,623974.0,17909.0,946.0,김달
C-X1XQEftgw,50대 인생 선배가 전하는 연애 조언,2019-08-30,248156.0,4015.0,285.0,김달
_wvWqEpMbHE,모두가 부러워할 연애를 하고 싶다면,2019-08-28,218445.0,3868.0,218.0,김달
NWY3WhPUM8s,너의 과거를 지금 내가 감당하기엔,2019-08-27,167729.0,2214.0,225.0,김달
1xYiA-1gbr8,지금 연애할 때야?,2019-08-25,161449.0,3461.0,385.0,김달
cdOJuKF8UxQ,결혼식은 올렸지만 혼인신고는 안 했는데..,2019-08-23,65023.0,696.0,156.0,김달
zKNzuYyqghk,헤어져놓고 계속 잘해주는 사람의 심리,2019-08-21,233853.0,2758.0,274.0,김달
bGeAdJXGWio,여자가 좋아하는 남자 🌶 ?,2019-08-20,252575.0,2519.0,606.0,김달
1XRIpQMKByE,툭툭 내뱉는 말투가 싸가지없는 남자친구,2019-08-18,212307.0,3079.0,321.0,김달
1WFluvslsjM,좋은 사람을 만나는 것보다 더 중요한 것,2019-08-17,197944.0,4124.0,285.0,김달
yGfPLMzXnps,나는 왜?,2019-08-16,129354.0,3092.0,348.0,김달
EPZSgsJYIRs,내가 우월감에 빠져사는 이유..,2019-08-14,129969.0,3180.0,336.0,김달
OjF_lWyG2y4,(JPN SUB) 운명도 거스르는 게 타이밍입니다,2019-08-13,457341.0,6547.0,603.0,김달
fI8tvOuOUaw,[랜선 집들이🏠] 이사했어요!,2019-08-11,133071.0,2611.0,349.0,김달
hYMU_nm9U7g,너 같으면 너 만나고 싶겠니?,2019-08-10,207899.0,2259.0,242.0,김달
5J_b7KGZsjU,때가 될 때 하세요,2019-08-09,122756.0,1465.0,130.0,김달
AXITCWr004Q,넌 그 사람 얼마나 믿니?,2019-08-07,188459.0,2921.0,293.0,김달
E4BHfh6gLL4,네가 내 마지막 연애가 되기엔 내 인생이 너무 아까워,2019-08-06,249853.0,3087.0,410.0,김달
x3kxkbd1E0o,이사한다고 이마트 갔다가..,2019-08-04,68702.0,1227.0,240.0,김달
pwQB9ryETME,결혼을 꼭 이성과 해야 되나요?,2019-08-03,68858.0,975.0,249.0,김달
BrMv4_wYlWA,이 남자 소개받을 구독자분 계세유?,2019-08-02,106729.0,1358.0,277.0,김달
XScLM8LyBwc,싸운 직후에 남자는 무슨 생각을 할까?,2019-07-31,494616.0,4272.0,533.0,김달
776t8ycgjFI,아끼지 말고 그냥 지금 하세요,2019-07-30,236874.0,3890.0,346.0,김달
LeJOiWwYIUI,"연애의 끝, 그리고 현실",2019-07-28,361933.0,3845.0,340.0,김달
P3Pn34GE528,캠빨 없는 제 실물을 공개하겠습니다..,2019-07-27,217220.0,2583.0,519.0,김달
SjJH-19qWyI,KBS 이혜성 아나운서와 방송국 vlog,2019-07-26,93197.0,820.0,144.0,김달
gMH9gVV9qzU,(JPN SUB) 절대 돌아오지 않는 경우,2019-07-24,482605.0,4249.0,548.0,김달
Mmz8_DnTiuk,왜 그렇게 사람 말을 쉽게 믿는지,2019-07-23,214492.0,2946.0,299.0,김달
8qQ_pBM1i1U,여자들은 이거 절대 모를 걸? (남자가 무룩하는 이유),2019-07-21,644148.0,5707.0,751.0,김달
-ZO7khYPVu0,요즘 핫한 비슷해보이즈 허슬러 님을 만났는데..,2019-07-20,25840.0,396.0,75.0,김달
eL-mu6vyTXo,(JPN SUB) 이별에 대처하는 자세,2019-07-19,421491.0,7254.0,497.0,김달
rfkba5kF9d0,KBS 다녀오겠습니다,2019-07-17,34764.0,642.0,126.0,김달
hifpDLH0e44,사랑은 배신합니다. 노력은 배신 ‘안’ 합니다,2019-07-16,117343.0,2577.0,213.0,김달
7h9YIcoCVv0,방목형 남자 다루기,2019-07-14,409215.0,6233.0,768.0,김달
8X5Tq0Njgxs,저 이사갑니다,2019-07-12,77434.0,1305.0,226.0,김달
vgVeaugZDT8,(JPN SUB) 헤어지셨어요? 소름 돋는 사실을 하나 알려드릴게요,2019-07-09,1516685.0,19242.0,1554.0,김달
_IxCHKsPF5g,남친을 위한 이벤트?,2019-07-07,126879.0,1226.0,140.0,김달
lW-fSz3ZqPg,여자가 남자에게 설레는 순간,2019-07-06,285249.0,2930.0,424.0,김달
4pW4LCE6XIs,여자가 모텔비 내면 좀 그런가요?,2019-07-05,176801.0,1698.0,469.0,김달
_dSrLtHksJ4,제 여자친구 정말 어떡하죠?,2019-07-03,171189.0,2259.0,242.0,김달
2U8TYQP_7Dg,(JPN SUB) 사랑하지 않는다는 증거,2019-07-02,1159411.0,7793.0,384.0,김달
1LHyy3mytHE,평생 한 사람만 사랑할 자신이 없습니다,2019-06-30,236405.0,2738.0,761.0,김달
xlOC16EqMcs,죽음에 대한 두려움,2019-06-29,113745.0,2330.0,1426.0,김달
ifkSNLh3994,힘드시죠?,2019-06-28,136218.0,2621.0,310.0,김달
HIg6UzIIuoY,"남사친, 여사친은 이럴 때 써먹으세요",2019-06-26,205262.0,2362.0,274.0,김달
8LBdcm8MN7k,평생 바람을 안 피우고 살 수 있을까요?,2019-06-25,238010.0,2614.0,503.0,김달
RPZ6FplU_nc,인생이 130도 달라질 수 있는 방법,2019-06-23,173957.0,3393.0,384.0,김달
bStVQ898PsU,(JPN SUB) 너무 사랑하는 사람과는 절대 행복할 수 없습니다,2019-06-21,1481029.0,23457.0,1890.0,김달
yf9mwbsaCIw,(JPN SUB) 남자들은 여우짓 하는 여자를 어떻게 생각할까?,2019-06-19,637487.0,6300.0,602.0,김달
3_DVuRY8mg8,궁합 빼고는 모든 게 완벽한 사람,2019-06-18,111537.0,933.0,207.0,김달
_8N7CFXXJLY,내가 인맥관리를 하면서 느낀 점,2019-06-16,263165.0,5263.0,436.0,김달
614EoRHch1c,동갑은 왜 이성으로 안 느껴질까?,2019-06-15,126856.0,1218.0,247.0,김달
VeYOSv2CAU0,이어폰 없이는 이 영상을 보지 마세요..,2019-06-14,218420.0,1742.0,271.0,김달
ZqYDNLNJHrU,돈이 많은 아저씨에게 시집가도 괜찮을까요?,2019-06-12,163758.0,3453.0,534.0,김달
JPYEc4zhlIk,이성이 아닌 사람으로 보게 되는 순간,2019-06-11,193592.0,3421.0,292.0,김달
aRNeo0KNL5w,자기는 나 이러려고 만나?,2019-06-09,301344.0,4047.0,728.0,김달
UfBLu8czK7U,30대가 불행하면 평생이 불행하다,2019-06-08,101426.0,2621.0,421.0,김달
aZIwGHAcvZg,SNS에 그 사람의 이름을 검색한다는 건,2019-06-07,241988.0,1709.0,275.0,김달
ZGiGSpTstdA,OO할 때 눈을 감는 이유?,2019-06-05,99226.0,1327.0,228.0,김달
wnhdaIUtxus,좋아하는 일? 잘하는 일?,2019-06-04,61040.0,1184.0,142.0,김달
C3A6kDsBtD8,더 이상 후원 상담을 받지 않겠습니다,2019-06-02,104571.0,1788.0,245.0,김달
nb-5LIqyJRw,깻잎 잡아줄 수 있다 vs 절대 안 된다,2019-06-01,113067.0,1149.0,297.0,김달
J_fRG0ZogdE,새로운 건 언제나 설레는 법,2019-05-31,126911.0,1553.0,222.0,김달
kKqSWycJRYQ,(JPN SUB) 나보다 잘난 사람 앞에서 당당해지는 법,2019-05-29,853268.0,23443.0,921.0,김달
agZMb4b7hgc,연애를 오래 못하는 사람들의 특징,2019-05-28,483118.0,5170.0,504.0,김달
EL8t5SyYV-A,연애도 결혼도 결국 자신과의 싸움입니다,2019-05-26,260025.0,4637.0,353.0,김달
2-JsNf0Wrbc,"여자들은 잘 모르는 ""남자 많아 보인다""는 말의 진짜 의미",2019-05-25,508662.0,3597.0,679.0,김달
0jd6iHO0Z_A,자존감이 중요한 게 아닙니다,2019-05-24,207725.0,3306.0,246.0,김달
lkG_X87m-_Y,원나잇 경험,2019-05-21,354377.0,2125.0,585.0,김달
J7R7tzqKNOs,그리운 건 그대일까 그때일까,2019-05-19,139997.0,2120.0,283.0,김달
INVU92MzDow,그 정도 깜냥도 없으면서 클럽에서 빵댕이를 흔들어!?,2019-05-18,100435.0,1371.0,182.0,김달
12fwMpC61Io,꽃밭에는 물을 주지 마세요,2019-05-17,308380.0,3201.0,390.0,김달
Iew7UaIPU5c,사랑 결핍,2019-05-15,740226.0,9417.0,747.0,김달
c-hy8Hdp_yU,(JPN SUB) 미친 철벽을 뚫는 방법ㅋㅋㅋㅋㅋㅋㅋㅋㅋㅋㅋㅋㅋㅋ,2019-05-14,641643.0,9028.0,852.0,김달
XCur5zQEv_0,가장 쉽게 헤어지는 법,2019-05-12,799325.0,6282.0,502.0,김달
EffZ0Q4XQg4,주는 만큼 당기는 힘,2019-05-11,347190.0,4507.0,279.0,김달
LsF_F8mhsmA,"내가 하면 로맨스, 남이 하면 s파트너",2019-05-10,110068.0,1060.0,156.0,김달
G2_s7J_dhY8,눈치 없는 사람,2019-05-08,206323.0,2698.0,569.0,김달
aBSoXZnVLc0,사람 보는 눈이 바뀌는 시기,2019-05-05,709940.0,9244.0,829.0,김달
xe2REO8EdlQ,이게 제 잘못인가요?,2019-05-04,196555.0,2770.0,680.0,김달
2EyfSOzcA5o,30대 남자가 바라는 연애 (사소한 것에 자주 서운함을 느낀다면),2019-05-03,370931.0,3123.0,245.0,김달
R_iuqAFPYlA,역어장,2019-05-01,291811.0,3244.0,303.0,김달
UIZkNIRfK7Y,후폭풍의 유통기한,2019-04-30,676705.0,4536.0,519.0,김달
A48Q8JEQdjQ,설레는 사람과는 결혼하지 마세요,2019-04-28,147116.0,1775.0,213.0,김달
vQjZJqxLiaU,돈이 연애에 차지하는 비중,2019-04-27,165863.0,1836.0,269.0,김달
LtVFZSvSRng,부담스럽게 다가가세요,2019-04-26,835359.0,8279.0,656.0,김달
tuQsHmeAI8k,사람 좋아하는 사람은 연애 상대로만 생각하세요,2019-04-24,193648.0,2762.0,355.0,김달
Fr_LST_mgXk,"사귄 지 1년 째, 결혼 얘기를 꺼냈더니 비혼 주의라는 남친",2019-04-23,115494.0,1129.0,427.0,김달
P3lb3fGFFiQ,싸우고나서 아무것도 손에 안 잡힐 때,2019-04-21,150588.0,2112.0,160.0,김달
sJ70SewMYIM,애인이 있는 사람을 꼭 내 사람으로 만들어야겠다면,2019-04-20,416346.0,3430.0,513.0,김달
WxgOmla9xRc,쥐뿔도 없는 게,2019-04-19,171492.0,3079.0,413.0,김달
l6Ej2ydFETs,킹리적 갓심 : 풀리지 않는 미스터리,2019-04-17,176544.0,2215.0,277.0,김달
njFmT1T124I,현실과 타협하게 되는 순간,2019-04-16,70427.0,1284.0,123.0,김달
WrBmfUWMkWc,(JPN SUB) SNS 하나면 상대방이 어떤 사람인지 알 수 있습니다,2019-04-14,1462360.0,13762.0,1606.0,김달
S3deyxyH-m0,여자가 연하남을 바라보는 시선,2019-04-13,230572.0,1588.0,257.0,김달
1BWqiCYjC9Y,재회를 향한 몸부림,2019-04-12,147253.0,1720.0,231.0,김달
X6POITuDDdQ,사귀기 전에 속궁합이 잘 맞을지 알 수 있는 방법,2019-04-10,1274466.0,7195.0,789.0,김달
fzVs_ICenTQ,종잣돈을 모을 수 있는 가장 확실한 방법,2019-04-09,78481.0,1369.0,116.0,김달
I5pFDVfZROI,화류계와 직장인의 연애,2019-04-06,298607.0,2348.0,352.0,김달
tuFQpjIPXUc,헤어지면 남보다도 못한 사이,2019-04-05,200252.0,2056.0,242.0,김달
b2jAXVYQ5DA,결혼식이나 친구들 모임에 가면 꼭 있는 인간들,2019-04-04,59535.0,952.0,145.0,김달
DhFWd9mHVzE,이렇게 고백하시면 무조건 망합니다,2019-03-31,402144.0,4398.0,370.0,김달
7VWvwbZ9L9w,결혼 적령기가 되면 한 번쯤 하게 되는 생각들,2019-03-30,127396.0,1271.0,149.0,김달
Jd9vHKOKC1M,카톡을 차단하는 사람들의 심리 & 차단을 당하는 이유,2019-03-27,389363.0,3240.0,818.0,김달
cVknzlmtJzw,(JPN SUB) 모르는 이성과 눈이 마주친다면 절대 피하지 마세요,2019-03-26,3175562.0,19426.0,3609.0,김달
D_SgBSOke5I,내가 회사 다닐 때 가장 이해하기 힘들었던 것,2019-03-24,70734.0,1235.0,145.0,김달
1cJp2Q10hXg,모텔에서만 데이트를 하려는 남자친구,2019-03-23,167426.0,1512.0,201.0,김달
BCu6EflywzQ,B형 남자가 바람둥이에 나쁜 남자인 진짜 이유,2019-03-21,186951.0,1929.0,700.0,김달
AQynzkpBZrQ,우리가 이별에 아파해야 할 날은 아직 더 많이 남았다,2019-03-19,106156.0,1342.0,164.0,김달
xnZ34Z43iUo,지치고 힘든 사람들에게 전하고 싶은 말,2019-03-17,163842.0,3530.0,265.0,김달
aEmpN8Qyzxc,[역대급 사연] 남자친구가 ㅇㅁ방에 간 사실을 알게 되었습니다,2019-03-16,367545.0,3919.0,874.0,김달
uxJZY1nhgoM,여자가 헤어지자고 말하면서 우는 이유,2019-03-15,304577.0,3088.0,487.0,김달
YISR8cIqZik,네가 지금 하고 있는 게 사랑이라고 착각하지 마,2019-03-14,291025.0,5044.0,356.0,김달
YlNBOwjwt_0,행복한 연애를 원한다면 첫 단추부터 잘 꿰세요,2019-03-13,453078.0,5289.0,333.0,김달
wsoM-b54IGM,51대 49의 법칙,2019-03-12,140967.0,2239.0,160.0,김달
2N4q_rQ_28g,못생겨서 연애하기가 힘들다면,2019-03-10,338359.0,3711.0,1459.0,김달
e4N_vnvGZSc,제목은 썸네일과 같습니다,2019-03-08,108003.0,838.0,88.0,김달
CWn4IbfV480,그래가지고 복수할 수 있겠어?,2019-03-06,292369.0,6070.0,419.0,김달
kuE88QFKH94,부모님께 섣부르게 용돈을 드리면 안 되는 이유,2019-03-05,88979.0,958.0,322.0,김달
FX6yrr3uMNI,밀당은 연애전선에 위기가 닥쳤을 때 하는 것,2019-03-03,130717.0,1797.0,151.0,김달
yQR9-BTaTlg,딱 간절한 그만큼만 당신의 인생이 달라진다,2019-03-02,293708.0,9253.0,461.0,김달
SoQ2aLMgtuo,사람을 잊는 것이 당신의 인생에서 가장 쉬운 일이다,2019-03-01,252934.0,4531.0,464.0,김달
FDbJKXTGgEk,더 좋아하는 쪽이 손해인 이유,2019-02-28,148150.0,2718.0,242.0,김달
fSszk1x93rM,진동벨이 울리면 왜 남자가 가지고 와야 하나요?,2019-02-27,71621.0,750.0,305.0,김달
Ynzq9PDkaU0,당신은 결혼에 대한 두려움을 느껴본 적 있나요? (이별에 아파하는 모든 분들께 이 영상을 바칩니다),2019-02-26,157202.0,2079.0,150.0,김달
WurD8mcbiP8,"물먹고 체하면 약이 없고, 집착으로 헤어지면 답이 없다",2019-02-23,219622.0,3021.0,315.0,김달
MXwR187q0TA,절대 상대방이 당신을 서운하게 만드는 것이 아니다,2019-02-22,873272.0,12941.0,955.0,김달
nydsWCC3DhQ,나이가 어릴수록 공감하지 못하는 이야기,2019-02-21,101380.0,1366.0,168.0,김달
GjWHQ4cEPjw,(JPN SUB) 헤어진 연인을 가장 빠르게 잊는 방법,2019-02-20,1448018.0,14104.0,2002.0,김달
1CNNrW0Kw1g,나이에 비해 연애 경험이 부족하다면,2019-02-19,624114.0,7128.0,792.0,김달
A_q_mmngJN4,내가 자기계발을 하는 방법 (나태해질 때 스스로를 다잡는 방법),2019-02-17,130439.0,2303.0,157.0,김달
T1TpQMdO-PM,그 사람은 이미 이별을 준비하고 있었다 (ft. 7년간의 사랑),2019-02-16,375838.0,4639.0,432.0,김달
mmaSAmSaQUg,헤어져야 한다는 걸 알면서도 이별을 말하지 못하는 사람들,2019-02-15,509439.0,5657.0,646.0,김달
HBZNQUjV_Jk,금사빠인 사람들이 상대방의 마음을 얻지 못하는 이유,2019-02-14,450651.0,6348.0,538.0,김달
N-SZc_Qj5ag,남자만 보세요,2019-02-13,87904.0,906.0,860.0,김달
mvFSiPon8Po,지금 당신 옆에 있는 그 사람은 어떤 사람인가요?,2019-02-12,242518.0,3666.0,229.0,김달
L_mDnMjgiXM,사람은 사람으로 잊으세요,2019-02-10,340591.0,4713.0,453.0,김달
3KT-v98bzq0,(JPN SUB) 연애를 잘할 수 있는 방법,2019-02-09,1202010.0,13440.0,718.0,김달
vaVg6r9qMSc,돈이냐.. 사람이냐...,2019-02-08,47718.0,606.0,230.0,김달
ZwQ9W_75WoE,"내 나이 서른, 내가 할 수 있는 일이 아무것도 없었다",2019-02-07,421371.0,9922.0,886.0,김달
U6rl2QPkoiE,20대라면 무조건 보세요. (20대와 30대의 연애에 대한 가치관 차이),2019-02-06,193442.0,2429.0,282.0,김달
D8Xsiahd1ds,걔는 어쩌다 ‘쓰레기'가 되었을까?,2019-02-05,63644.0,853.0,142.0,김달
7U_Da4vU7d0,꿈을 이루기 위해 필요한 것,2019-02-03,39939.0,817.0,122.0,김달
k7hgQRGcRgU,(JPN SUB) 내가 좋아하는 사람이 나를 좋아하게 만드는 방법,2019-02-02,4089577.0,52026.0,3648.0,김달
WuQidPHHI-o,헤어진 연인과 친구로 지내면 일어나는 일,2019-02-01,448339.0,3854.0,582.0,김달
YSV-oRddcE0,당신은 연애를 포기하고 살 수 있나요?,2019-01-31,123465.0,2179.0,370.0,김달
qCkWHiJmuts,정말 받아들이기 힘든 이별 통보 방식,2019-01-29,507707.0,4824.0,740.0,김달
2egC-OwOu0E,당신이 바라는 건 재회인가요? 그리움인가요?,2019-01-27,483345.0,5900.0,683.0,김달
1SfNPlvI6Ho,상대방이 바람을 폈다면 나에게도 잘못이 있다,2019-01-26,118743.0,1318.0,337.0,김달
KQzuWN5lLEc,절대 성공할 수 없는 사람 (부정적인 사람은 긍정적인 사람을 절대 이해하지 못한다),2019-01-25,73609.0,1756.0,243.0,김달
ck2A44aycGE,당신이 연애를 잘못하고 있다는 증거,2019-01-24,206738.0,2349.0,146.0,김달
XMylG1YKg2A,(JPN SUB) 상대방의 이별 통보에 미련 없이 보내주는 방법,2019-01-22,1338276.0,13957.0,1328.0,김달
pRrSYCfx-Nc,연애할 생각이 없다고 말하는 여자들의 진짜 속마음,2019-01-20,264728.0,2717.0,552.0,김달
HurKG7AgG-0,사랑받는 여자가 되기 위해 꼭 알아야 할 한 가지,2019-01-19,2420603.0,21621.0,2049.0,김달
ME0QqXce_f8,아무리 열심히 해도 꿈이 이루어지지 않는다면,2019-01-18,37220.0,846.0,112.0,김달
inUWGWKJsDQ,매번 차이는 남자들의 특징 (ft. 여자들의 이유 없는 이별 통보),2019-01-17,203684.0,2652.0,437.0,김달
FrOcFdQuPM8,20대 초반에게 꼭 해주고 싶은 연애 조언,2019-01-16,115143.0,1815.0,117.0,김달
Y0o_8HHHAcI,"연애할 때, 혼자만의 시간",2019-01-15,209382.0,2677.0,294.0,김달
ooMKlv5FNGI,연애의 끝이 꼭 결혼이어야 되냐고?,2019-01-13,108621.0,1619.0,315.0,김달
xgkmxNW_ucg,사귀기 전에 잤다고 의미 부여하지 마세요,2019-01-12,367257.0,3454.0,366.0,김달
EjwSCggomvk,이별을 극복하는 최고의 방법,2019-01-11,701787.0,9810.0,941.0,김달
_epurMubMyg,썸만 타고 고백은 하지 않는다면,2019-01-10,368098.0,3255.0,341.0,김달
_Nl4jvgVwGs,지금이라도 헤어지세요. (ft. 오래 연애한 커플들에게),2019-01-09,528277.0,6184.0,978.0,김달
jnII6GGq7fQ,어장치는 상대방이 나를 좋아하게 만드는 방법,2019-01-08,673338.0,7448.0,632.0,김달
JPQ_55RuCyE,"(JPN SUB) 전 남친, 전 여친에게 연락 온 적이 있다면",2019-01-06,633809.0,4530.0,821.0,김달
9dQKsUEzUwc,"썸남, 썸녀에게 정떨어지는 순간들",2019-01-05,766418.0,5748.0,1323.0,김달
tdbwEOsQtiI,잠수타는 인간 버릇 고치는 확실한 방법,2019-01-04,415548.0,5403.0,681.0,김달
TWJhpcL8CP0,헤어지자는 말에는 두 가지의 의미가 있다,2019-01-03,297120.0,2791.0,306.0,김달
bB5gu4Gso5c,대부분의 커플이 권태기를 극복하지 못하는 이유,2019-01-02,472117.0,4654.0,369.0,김달
T_sAdywzZm8,(JPN SUB) 당신의 인생이 바뀔 수도 있는 이야기 (내가 20대에 알았으면 좋았을 것),2019-01-01,828894.0,18973.0,1289.0,김달
1dRtdy59p9g,당신이 좋은 사람을 만나지 못하는 이유,2018-12-31,176268.0,2407.0,143.0,김달
bi2JvDUdpjg,꼭 연애고자이신 분들만 보세요,2018-12-30,435386.0,5328.0,348.0,김달
4Qkefp47b8U,(JPN SUB) 첫 만남에 상대방을 파악할 수 있는 방법들,2018-12-29,692479.0,6933.0,664.0,김달
nV0i-Tahmp0,상대방에게 생색낼 거면 연애하지 마세요,2018-12-28,62521.0,1081.0,100.0,김달
OmqEDeqkZ1A,나보다 일이 먼저인 상대를 이해하는 방법,2018-12-27,140802.0,1493.0,178.0,김달
VSw4R6LkhWo,(JPN SUB) 자존감이 낮은 사람들은 사랑한다고 해도 믿지 않는다,2018-12-26,191335.0,3044.0,309.0,김달
wP69PwSssm8,꼭 쓰레기도 만나셔야 합니다.,2018-12-24,236328.0,3679.0,581.0,김달
dSTWAOuquXM,'사랑vs우정' 에 대한 나의 가치관,2018-12-23,48662.0,617.0,132.0,김달
qePQ2RJqolQ,"내가 좋아하는 사람 말고, 나를 좋아해주는 사람을 만나야 하는 이유",2018-12-22,448132.0,6712.0,899.0,김달
UIH9sIjRo-8,"일도, 연애도 내 뜻대로 되지 않는 가장 큰 이유",2018-12-21,83767.0,1728.0,171.0,김달
f0mo54R_MKM,가정환경이 연애에 미치는 영향,2018-12-20,169366.0,2140.0,251.0,김달
dKo3Ah-7NPs,주변 친구들을 보면 그 사람이 어떤 사람인지 알 수 있다고?,2018-12-19,77197.0,921.0,169.0,김달
iyA5hYIWDbM,헤어지고 아무리 매달려봤자 소용없는 이유,2018-12-18,300757.0,3148.0,287.0,김달
-1Sezy_ZT_I,남자들의 지키지 못할 약속,2018-12-16,245311.0,3029.0,359.0,김달
sZq0YFtAIe8,저희 집은 17평 입니다.,2018-12-15,69592.0,1406.0,188.0,김달
WLCnGYbXoM0,내가 여자친구와 싸우지 않는 이유,2018-12-14,59263.0,945.0,106.0,김달
C6W8oh06n1E,친구에게 애인을 소개시켜주지 마세요,2018-12-13,194116.0,1702.0,311.0,김달
woRUnnWoFis,관계를 가지기 위해서 사귀자는 말을 내뱉는다니,2018-12-12,125507.0,1533.0,214.0,김달
GpVvsYY4yug,상대방에게서 '촉' 이 온다면,2018-12-11,241535.0,2661.0,265.0,김달
Q5ovhyqtHjQ,내가 친구를 안 만나는 이유,2018-12-10,799496.0,11821.0,2380.0,김달
h-LANj_CkEc,미래 계획 없이 연애하면 발생하는 일,2018-12-08,409538.0,7955.0,536.0,김달
kavMDmRJjGk,하고 싶은 일을 찾는 것보다 더 중요한 것,2018-12-07,50595.0,920.0,123.0,김달
Oh20P5THw3U,같이 잤는데 '진짜 잠만 자는 남자' 의 심리,2018-12-06,474223.0,3221.0,670.0,김달
3RQQ5kp2pPw,"(JPN SUB) '이것' 만 되면, 더 이상 연애로 상처받을 일은 없습니다",2018-12-02,742137.0,13071.0,851.0,김달
0KL0v3afbfo,(JPN SUB) 절대 만나면 안 되는 여자 Top 7,2018-12-01,1695177.0,13752.0,1823.0,김달
bAYgNpHM7wE,4살 이상 연하男은 웬만하면 만나지 마세요,2018-11-30,471783.0,4611.0,1098.0,김달
9QMQy08LnJg,(JPN SUB) 상대방이 나를 좋아하는지 알 수 있는 방법?,2018-11-29,1270552.0,10680.0,725.0,김달
rbCv2MWXzmg,연애 경험이 별로 없는 분들 꼭 보세요,2018-11-27,630238.0,7322.0,514.0,김달
ygEptk7aiqM,19살 학생이 어떻게 이런 생각을 했을까?,2018-11-26,33209.0,475.0,80.0,김달
ba3GyLgNLvM,(JPN SUB) 만나야 하는 남자 & 만나면 안 되는 남자,2018-11-25,1388376.0,15749.0,1450.0,김달
vtHIGnf4Vcc,당신은 연애를 할 자격이 없다,2018-11-23,192809.0,2859.0,370.0,김달
6O7y2wwg6f0,남자가 여자에 비해 공감능력이 떨어지는 이유,2018-11-22,98053.0,1085.0,279.0,김달
zSQp-CN7r7s,요즘 20~30대는 너무 조급하다,2018-11-21,52952.0,1109.0,139.0,김달
aNRcxf7BVkM,첫 만남에 여자에게 절대 하면 안되는 두 가지,2018-11-20,469847.0,3729.0,404.0,김달
B50hZ6G7J4g,돈도 있는 놈들이 더 버는 진짜 이유 (부자와 가난한 사람의 차이),2018-11-18,117278.0,1923.0,283.0,김달
y15Oqq1FfLY,(JPN SUB) 상대방의 진심을 알 수 있는 최고의 방법,2018-11-17,2753603.0,35067.0,1849.0,김달
SLC82OYci9Q,술 좋아하는 사람만 걸러도 연애가 편안해집니다.,2018-11-16,272871.0,3981.0,803.0,김달
zmKcVLjZ538,멈추지 않는 이상 얼마나 천천히 가는지는 문제가 되지 않는다,2018-11-15,62914.0,1703.0,125.0,김달
f_K7t7Ds_w4,(JPN SUB) 안 싸우는 커플들의 특징,2018-11-14,372073.0,4838.0,247.0,김달
zM4j9sLw3Q4,외로울 때 연애하지 마세요,2018-11-13,335094.0,5787.0,641.0,김달
gxhULGgxBsY,나는 이 나이 먹도록 뭘 했을까?,2018-11-11,42618.0,974.0,128.0,김달
78tI0Not2gQ,여자가 좋아하는 나쁜 남자들의 특징,2018-11-10,160529.0,1634.0,179.0,김달
mk83Bcp0A_c,절대 가까이하면 안 되는 부류의 인간,2018-11-09,480230.0,6730.0,785.0,김달
hhPV9sz8TjU,잔다고 해놓고 SNS 하는 남자친구,2018-11-08,96794.0,968.0,201.0,김달
CJvgv2aQbg4,서로 신경쓰이게 하지 않는 연애가 정말 가능한 걸까?,2018-11-07,660926.0,6270.0,370.0,김달
EdRtRAIbcrY,'내가 결혼식엔 몇 명이나 와줄까?' 이런 생각 한 번쯤은 해보셨죠?,2018-11-06,106758.0,1509.0,202.0,김달
K0mAHUJhnek,언제까지 찌질하게 사실 건가요?,2018-11-04,263179.0,4801.0,323.0,김달
zkQiX3Q6B5w,돌싱의 연애,2018-11-03,84978.0,814.0,123.0,김달
iFpFDskzpdE,"남자의 '결혼하자' 와, 여자의 '우리 결혼 언제 해?' 의 의미",2018-11-02,103466.0,1254.0,128.0,김달
g0LxCekRbAM,"지금까지 당신이 한 건, 진짜 사랑이 아니다",2018-10-31,693875.0,12699.0,923.0,김달
yU6iqLQ6lFM,성공하기 위해서 받아들여야만 하는 현실,2018-10-30,210940.0,5942.0,273.0,김달
3WPfNeqX_Po,"헤어졌는데, 관계는 가지는 여자의 심리",2018-10-29,226078.0,1923.0,221.0,김달
FiiHolipD4c,"제발!! 커플 프사, 배경화면, 럽스타 강요 좀 하지마세요",2018-10-28,138160.0,1725.0,318.0,김달
g3cfUwhKQGk,집착과 의심으로 고민하는 분들에게,2018-10-27,325341.0,4079.0,249.0,김달
tH6jqZypYII,연애 중에 새로운 이성에게 마음이 흔들린다면,2018-10-26,235892.0,3551.0,212.0,김달
ydncn3uSwzI,자존감 낮은 사람들이 쉽게 놓치는 사실,2018-10-25,395058.0,6302.0,284.0,김달
Y6xmu_lQttw,연애할 때 자주 싸우는 분들 꼭 보세요,2018-10-24,480647.0,5494.0,402.0,김달
XEZUW_CtAAc,"연애할 때, 성숙한 방어기제를 가지는 방법",2018-10-23,205388.0,3161.0,148.0,김달
kijOStzGmNQ,[Ep.3] 5년 만난 애인이 저의 20년 지기 친구와 바람을 폈습니다,2018-10-21,437039.0,4689.0,1021.0,김달
fu67rcK1LVg,바람의 명확한 기준,2018-10-20,81423.0,906.0,115.0,김달
0WCeUZPtC5c,파트너 관계에 대한 나의 생각,2018-10-19,307460.0,2335.0,578.0,김달
7gSOs-FPFjc,"(JPN SUB) '내가 편안한 연애' 를 하기 위해, 꼭 알아야 할 것",2018-10-18,595940.0,8490.0,412.0,김달
1qVm5i1EbRo,"끝말잇기로 썸남, 썸녀 자빠트리는 방법ㅋ",2018-10-17,51625.0,789.0,89.0,김달
y3-oZHcgts8,즐기는 사람을 절대 이길 수 없는 이유,2018-10-16,76303.0,1647.0,141.0,김달
7V4luYNmNGw,(JPN SUB) 결혼은 어떤 사람과 해야 할까,2018-10-14,404851.0,5323.0,471.0,김달
YxmscuL7Crs,(JPN SUB) 몸은 다 줘도 마음 만큼은 천천히 (내가 좋아하는 사람 vs 나를 좋아해주는 사람),2018-10-13,720999.0,10018.0,713.0,김달
VF1YCZzjiuM,네가 성숙하지 못해 회피하는 것들을 내 손으로 끝낸다 (feat. 권태기),2018-10-12,158566.0,1706.0,135.0,김달
cBmZFfYS0F4,관계만 가졌다하면 버림받는 사람들의 특징,2018-10-11,358741.0,3247.0,406.0,김달
1OxY6MtCGpA,(JPN SUB) 여자친구의 화를 풀어주는 방법,2018-10-10,167595.0,2553.0,304.0,김달
Q1oFyZ3lqDY,내가 자존감이 높아지게 된 계기 (나의 20대 이야기),2018-10-09,372447.0,7642.0,425.0,김달
Bq_ov3QwPgQ,[Ep.2] 빈부격차가 심한연애 어떡할까요?,2018-10-08,94787.0,942.0,232.0,김달
33vCfLxvR8g,[Ep.1] 시간을 갖자는 상대방에게 어떤말을 해줘야 할까?,2018-10-07,166087.0,2332.0,172.0,김달
6jgY21RDeSs,"이별 후, 사진첩을 정리하는 시기",2018-10-06,136878.0,1039.0,285.0,김달
2iduWJaTTrs,혼전순결의 기준은 어디까지일까?,2018-10-05,96228.0,695.0,324.0,김달
tXirNfBBo5U,BL을 꿈꾸며...,2018-10-04,30160.0,337.0,75.0,김달
L4CfdLab4i4,당신의 통장에는 얼마가 들어있나요?,2018-10-04,59831.0,1329.0,143.0,김달
cFGsYirxsgA,"썸타는 상대방이 야한 얘기를 한다면, 그건 100% 입니다",2018-10-03,167189.0,1090.0,207.0,김달
x7_zbiXtuLA,내가 살면서 뼈저리게 느낀 사실 한 가지 (인생의 세 번의 기회),2018-10-02,261218.0,5831.0,343.0,김달
FZa-haSkhz4,여자들은 어떤 남자에게 번호를 주는지 직접 물어봤습니다.,2018-09-30,416273.0,2727.0,676.0,김달
2F6WmeuoNGk,(JPN SUB) 연애에 대한 나의 가치관,2018-09-29,205094.0,3091.0,160.0,김달
3PDF8ROprc8,(JPN SUB) 재회는 미친 짓이다,2018-09-28,641245.0,7928.0,954.0,김달
Z8popouMlbU,내 고집대로만 하는 연애,2018-09-26,45591.0,433.0,56.0,김달
TLnJHaGZ5Io,정일까? 사랑일까? (정에 대한 남녀의 생각차이),2018-09-25,166960.0,1449.0,133.0,김달
vCXhzaQfUr4,"상대를 안달나게 만드는 방법 (썸의 끝, 연애의 시작)",2018-09-24,1158998.0,9918.0,418.0,김달
yWMe72GuVEo,남자에게 사랑받을 수 있는 최고의 선물,2018-09-23,683787.0,5281.0,657.0,김달
CuWb8v6pH7w,내 애인이 과거에 만났던 사람들 (나와 하는 모든 게 내가 처음이었으면),2018-09-22,195640.0,1480.0,275.0,김달
SeJZTU5uBFE,이성에게 부담스럽지 않게 다가가기 위한 첫걸음,2018-09-22,508251.0,4518.0,163.0,김달
epHCwXKlM9w,결혼할 나이인데 모아둔 돈이 없는 분들 보세요,2018-09-21,435162.0,4929.0,846.0,김달
20yfNK-g230,'애인 있는 사람' or '친구의 전 애인' 과 사귀고 싶어요,2018-09-19,175784.0,1860.0,208.0,김달
hLSpILcNtMo,환승과 바람은 습관일까?,2018-09-18,122214.0,1130.0,226.0,김달
UEHyzCPJTX8,내 동생이 여자 소개를 받을 때 마다 차였던 이유,2018-09-17,33093.0,384.0,58.0,김달
L3GqiW5u_ho,소개팅 앱으로 만나기 전에 꼭 알아야 할 것 (랜선연애 총정리),2018-09-16,158098.0,1485.0,232.0,김달
p-i0rv-HTXU,연락 문제로 싸우는 커플은 무조건 헤어질 수 밖에 없다.,2018-09-15,459103.0,6587.0,853.0,김달
vuF4-Ssc-yo,"연애 할 사람 따로, 결혼 할 사람 따로",2018-09-15,99485.0,835.0,139.0,김달
zdBff9rbANk,매번 지고 들어가는 연애만 하는 분들 보세요.,2018-09-14,413109.0,4231.0,260.0,김달
JySRTlQ_MxU,연애가 인생에 차지하는 비중,2018-09-14,87133.0,1463.0,70.0,김달
FkvKGBhW2Nw,관계를 빨리 가지면 마음이 빨리 식을까,2018-09-12,139870.0,1248.0,81.0,김달
H-E_QPHwHGM,우연히 옛 애인을 마주치면? (인사한다 vs 쌩깐다),2018-09-11,172272.0,1779.0,256.0,김달
GvqawMbAxPM,소개팅할 때 남녀의 시선 차이,2018-09-08,330580.0,2203.0,181.0,김달
mqeeWwARayI,인생의 가장 힘든 시기를 극복하는 방법,2018-09-07,223937.0,4594.0,445.0,김달
-SyofZq-3Ak,여자가 남자의 번호를 따는 방법,2018-09-06,131316.0,1248.0,245.0,김달
T_hMQKRrljw,자존감이 높은 사람은 짝사랑을 하지 않는다.,2018-09-05,338991.0,4675.0,463.0,김달
Xoc7bOmxb0M,"연애할 때, 늘 나보다 상대방이 1순위가 되었던 이유",2018-09-04,200760.0,3940.0,229.0,김달
xJIZW24kEE0,"썸탈 때 절대 해서는 안되는 말, 우리 무슨 사이야?",2018-09-02,392873.0,3680.0,221.0,김달
Bvgj-QxTBwE,(JPN SUB) 연인사이 데이트 비용 총정리,2018-09-01,520082.0,4308.0,941.0,김달
D3rIUC_Abcs,연애의 기본 조차 모르면 같은 이별을 반복한다,2018-08-31,376188.0,3900.0,221.0,김달
4bj1WHAC9gM,사람 보는 눈이 없는 사람,2018-08-30,226227.0,3884.0,311.0,김달
FRCPrjSKVtU,종교가 다른 연애,2018-08-29,70856.0,616.0,299.0,김달
AAUeEGSCOAo,집착과 구속을 하지 않는 방법 (헌신하면 헌신짝이 되는 이유),2018-08-28,645254.0,7955.0,508.0,김달
7fWZkgTIsls,부정적인 사람은 절대 성공할 수 없다,2018-08-26,254015.0,5786.0,436.0,김달
6wmlTHj58hw,이 영상을 보기 전까진 '사내연애' 하지마세요,2018-08-25,176302.0,1461.0,273.0,김달
aTNrny9pi8s,인간관계에 있어서 갑이 되는 방법,2018-08-24,227388.0,4551.0,294.0,김달
Qz5pQsfo2j8,당신이 쓰레기만 만나는 이유,2018-08-22,85245.0,1471.0,174.0,김달
XGMZHRx2LtQ,자연스럽게 스킨십하는 5가지 방법,2018-08-21,443171.0,4266.0,357.0,김달
nHMrZkNgjeg,상대방에게 올바르게 화내는 방법,2018-08-19,394618.0,4643.0,302.0,김달
Wt68lcMhQeY,재회 업체에 320만 원을 썼다고요?,2018-08-18,64570.0,664.0,160.0,김달
mtDPEnX9H0s,부모님이 반대하는 연애와 결혼 총정리,2018-08-17,159000.0,1690.0,255.0,김달
h8p-cDZUCMw,커플들이 싸우게 되는 가장 큰 이유,2018-08-16,176260.0,3020.0,155.0,김달
rjWRPSlmMbc,대학을 (안 나온 or 안 나올) 분들에게 하고 싶은 말,2018-08-15,190157.0,2563.0,402.0,김달
GpsASxC0nN0,눈이 높아야 하는 이유,2018-08-14,211117.0,2981.0,261.0,김달
UycBlx3yhjI,"시간이 빠르다고 느껴진다면, 당신은 지금 위험합니다.",2018-08-13,198397.0,5761.0,511.0,김달
kw5b17aSM08,"연인관계에 있어서, 가장 중요한 요소",2018-08-12,247595.0,3309.0,188.0,김달
2077JROUc8I,"바람 핀 상대에게 심증은 있는데, 물증이 없다면?",2018-08-11,198825.0,2725.0,290.0,김달
xTUwC2k_amo,애인이 있는 사람에게 '늑대와 여우' 가 꼬이는 이유,2018-08-08,197295.0,2751.0,325.0,김달
4ZiQZCUXZgc,"회피형 인간, 어떡하나요?",2018-08-07,313786.0,3503.0,943.0,김달
dfLE2GfOX88,"사랑보다, 일이 먼저입니다",2018-08-04,460410.0,12497.0,856.0,김달
WVAyR9FaNjo,상대방 가지고 놀면서 연애하세요,2018-08-03,772699.0,10088.0,748.0,김달
Xqnm3R-RmUs,"싸울 때, 남녀의 입장 차이",2018-08-02,139437.0,1200.0,96.0,김달
6IeTlJ-83gE,'어장' 당하지 않는 방법,2018-08-01,402512.0,5012.0,337.0,김달
-U7wsFXUnj4,(JPN SUB) 이별 후에 힘들지 않는 방법,2018-07-31,1025141.0,10745.0,1589.0,김달
3mLlQn3kwEg,헤어지자는 말을 습관처럼 내뱉는 사람,2018-07-30,180301.0,2628.0,424.0,김달
CzM0iAx8rv4,"환승이별하면, 어떻게 될까?",2018-07-29,223829.0,2228.0,639.0,김달
bPDVgOm7cQo,"이전 연애의 트라우마 때문에, 새로운 연애가 두려운 분들에게",2018-07-28,135345.0,2479.0,170.0,김달
Dw0opFxfk8A,연애만 했다하면 '을' 이 되는 사람들의 특징 (을의 연애),2018-07-27,91121.0,1379.0,104.0,김달
kHHr2aCmLsE,"상대방과의 궁합, 총정리",2018-07-27,514669.0,3072.0,253.0,김달
Dfx7uhETDN4,당신이 헤어질 수 밖에 없었던 이유,2018-07-26,78135.0,1149.0,107.0,김달
TZR7Q493J9U,바람을 피는 이유,2018-07-26,356644.0,3581.0,510.0,김달
UCL7Uit3ZUU,(JPN SUB) 나이차이 많이 나는 연애는 하지마세요,2018-07-24,853496.0,7934.0,2340.0,김달
zMjMkbzXmJE,"이별 후에, 반드시 해야 하는 것",2018-07-23,510636.0,5985.0,493.0,김달
ieoy9JSiLVY,"남자는 모르는, 여자가 남자친구에게 화를  내는 이유",2018-07-21,93974.0,1470.0,105.0,김달
GGfWIUv9s5o,당신이 매번 차일 수 밖에 없었던 이유,2018-07-20,265935.0,4078.0,322.0,김달
Znn09RJi9Xo,"연애할 때, 상대방을 어떻게 믿어야 될까?",2018-07-19,276361.0,3584.0,209.0,김달
mDP47RBSjfM,(JPN SUB) 20대가 가장 많이 하는 연애 고민,2018-07-18,152499.0,2750.0,222.0,김달
Ncf7yAxbLVs,"고백할 때, 거절 당하지 않는 방법",2018-07-17,191174.0,1959.0,145.0,김달
CETnzC90IIg,본인 스스로를 사랑하는 방법,2018-07-17,433270.0,9818.0,433.0,김달
RBdtoitSGLA,상대방의 말에 쓸데없는 의미부여 하지마세요,2018-07-16,253573.0,5225.0,416.0,김달
9G8k-OgxADc,감당할 수 있는 연애를 하세요,2018-07-14,426837.0,7092.0,480.0,김달
jIV7q__Cfm0,"시간이 지나, 더 성숙해지면 재회가 가능할까",2018-07-13,188902.0,2625.0,282.0,김달
6lE_z2hxtPI,카톡 이별 & 잠수 이별,2018-07-12,316807.0,3306.0,563.0,김달
dbVjmoynBdU,(JPN SUB) 갑의 연애를 하는 방법,2018-07-11,639979.0,7921.0,335.0,김달
MhScK7HkvSY,"스킨십 후에, 상대방이 당신을 떠나간 진짜 이유",2018-07-10,304944.0,2717.0,306.0,김달
ii-p8LMuSIE,어느쪽이 더 좋아해야 연애를 오래할 수 있을까?,2018-07-06,195150.0,2379.0,189.0,김달
jyW20tuEgOE,헤어진 연인들이 꼭 봐야 하는 영상Ⅱ,2018-07-05,680863.0,11507.0,673.0,김달
HQJdGt1fVGo,열 번 찍어 안 넘어가는 나무 없다고?,2018-07-04,46457.0,599.0,102.0,김달
J44eBSo165g,두 사람을 사랑해요. 어떡하죠?,2018-07-03,91873.0,1070.0,133.0,김달
XeQvYqG75mE,먼저 고백하면 별로인가요?,2018-07-02,87692.0,1209.0,92.0,김달
TS1HpVSYx4E,"바람 핀 애인, 용서할까요? 복수할까요?",2018-07-01,216966.0,2507.0,615.0,김달
XE9aEPxI5Qo,"남자라면 한 번쯤, 유흥업소를 간다는데 사실인가요?",2018-06-30,111828.0,2691.0,674.0,김달
kojeho9DrB0,(JPN SUB) 연인사이에 휴대폰 확인,2018-06-29,266604.0,2857.0,595.0,김달
-WT8b_iG6VQ,(JPN SUB) 곧 죽어도 '재회' 를 해야겠다는 분들만 보세요 (재회 하는 방법),2018-06-28,1339045.0,12754.0,1561.0,김달
59nSiOgJudc,내가 맨날 '헤어지라고' 말하는 진짜 이유,2018-06-27,136958.0,2758.0,213.0,김달
4E3aR4_GFEU,"(JPN SUB) 장거리연애, 하지마세요",2018-06-25,560992.0,5679.0,1074.0,김달
Oj5RMbqTEu0,그동안 너무 감사했습니다. (이때까지 하지 못했던 말),2018-06-22,64487.0,1532.0,216.0,김달
159Rrne05dU,'끼리끼리' 연애하는 이유,2018-06-22,315232.0,4404.0,359.0,김달
ok-SURcl9Lk,연인간에 싸움이 커지지 않으려면,2018-06-20,83454.0,1199.0,81.0,김달
sjwy6LEIKMg,좋은 사람을 만나는 방법,2018-06-19,233973.0,4419.0,218.0,김달
WnNr-STneQA,연인사이에 '집착과 의심' 총정리,2018-06-17,292974.0,3757.0,390.0,김달
IL3rmq4ozDI,"남자들이 잘 모르는, 여자의 이별통보 방식",2018-06-16,214485.0,1928.0,327.0,김달
H6Ev3FMPY5k,"사랑한다면, 놓아주는 방법도 배우셔야 합니다.",2018-06-15,832871.0,16292.0,1252.0,김달
l7lN0zzSS8o,"헤어지고 집 앞에서 아무리 기다려도, 상대방이 나오지 않는 이유",2018-06-12,131003.0,1501.0,194.0,김달
5AxXBnyqzfY,"연상, 연하 커플이 헤어지는 이유",2018-06-12,328474.0,3071.0,254.0,김달
IAeSZxm3Ptg,"지금 그 미련은 '사랑' 이 아니라, '몸정' 입니다.",2018-06-08,402893.0,6154.0,878.0,김달
Xyr86CLxSCY,(JPN SUB) 연인사이에 '밀당' 은 어떻게 해야할까?,2018-06-08,338642.0,3169.0,160.0,김달
4lvgMXn5Y5k,(JPN SUB) 내가 '재회' 를 반대하는 두 가지 이유,2018-06-05,644341.0,6878.0,644.0,김달
935ij_rNUuY,짧게 만나보고 시작하는 연애 vs 길게 만나보고 시작하는 연애,2018-06-03,313194.0,2959.0,211.0,김달
19rNSDVTJGw,"남사친, 여사친 문제로 헤어진 적이 있다면, 이 영상을 꼭 보세요.",2018-06-02,377445.0,4164.0,476.0,김달
4mRpjMEruz0,'을' 의 연애를 하지 않는 방법 (자존감을 높이는 방법),2018-05-30,317445.0,5826.0,287.0,김달
B7EtvAGDNPk,(JPN SUB) 당신이 헤어지고 힘든 '진짜' 이유,2018-05-28,840925.0,14309.0,1231.0,김달
QWeqXAQkuog,이때까지 그 누구도 알려준 적 없었던 '권태기 극복' 에 대하여..,2018-05-26,407743.0,4422.0,271.0,김달
27fYIaqzsjI,소개팅 어플로 만난 사람을 사겨도 될까요?,2018-05-25,155581.0,1560.0,195.0,김달
STl7sXkzOaY,"(JPN SUB) 🔸지금 당장 그 사람과 헤어지세요 #2 (가슴은 뜨겁게, 머리는 차갑게)",2018-05-24,529074.0,7551.0,561.0,김달
Js1-gwmP3uU,(JPN SUB) 🔸지금 당장 그 사람과 헤어지세요 #1 (행복하지 않은 연애를 왜 하나요?),2018-05-24,414706.0,5292.0,407.0,김달
QuyLOevrOmo,"싸우지않고, 연애를 오래하는 방법💍",2018-05-23,226428.0,4249.0,228.0,김달
c9bWD6e59WM,헤어지고 제발!! 이것만은 하지마세요!!,2018-05-22,528870.0,3932.0,357.0,김달
Tu9gV475oio,"카톡, SNS에 커플사진을 올려야할까?",2018-05-22,160477.0,2068.0,249.0,김달
pJ1sqb6U-VA,결혼이 애들 장난이에요? (화남주의),2018-05-19,116183.0,2780.0,292.0,김달
_0oEV3Ty4Kc,"자취하는 썸녀를 집에 데려다 줄 때, 꼭! 알아야 할 것.",2018-05-16,52760.0,620.0,74.0,김달
HrRjUlGJpQw,"나는 왜 썸만타고 연애는 못할까? (Feat. 썸남, 썸녀가 잠수를 타는 이유)",2018-05-15,243477.0,4026.0,303.0,김달
w7N6_3hVqNQ,'시간' 은 약이 아닙니다.,2018-05-14,82350.0,1252.0,111.0,김달
Au9LRamvJ0I,다른 사람을 만나봐도 '그 사람' 만한 사람이 없다면..,2018-05-12,256720.0,3445.0,239.0,김달
WnqWLw6n3NE,"""나보다 더 좋은사람 만나."" 라는 말의 의미.",2018-05-11,212714.0,2140.0,282.0,김달
YARvbaiTvLI,"재회 하기 전, 꼭 생각해봐야 할 것.",2018-05-10,201967.0,3693.0,280.0,김달
h0fdxOOhs8g,(JPN SUB) '쓰레기' 처럼 연애하세요. 맺고 끊음이 쉬워질 때 까지.,2018-05-08,2499719.0,44556.0,4729.0,김달
L9aDDqf41Dw,연인과의 헤어짐을 두려워하지 마세요. (스스로를 사랑하는 방법),2018-05-05,772363.0,18975.0,870.0,김달
ucSvmjJEVBI,연인 사이에 '시간 좀 갖자' 라는 말의 의미.,2018-04-21,584872.0,6917.0,777.0,김달
L50AFx9PUvI,"여자가 삐졌을 때, 남자는 어떻게 해야할까? (남친이 꼭 봐야하는 영상)",2018-04-06,220494.0,3643.0,395.0,김달
f4T8JOVcw0g,(JPN SUB) 재회를 바라는 당신에게..🙏🏻 (헤어진 연인을 다시 만나고 싶다면 ),2018-03-31,819236.0,12770.0,1147.0,김달
wHK9mj-ozWI,헤어지자마자 다른 사람을 만난다는 것은 (feat. 환승이별),2018-03-24,618591.0,8650.0,1278.0,김달
4YytGO2cmkI,당신에게 애인이 없는 이유,2018-03-16,417006.0,6791.0,850.0,김달
zklcpeE7UY0,이별을 결심하게되는 순간 (헤어짐의 적절한 타이밍),2018-03-07,435224.0,5660.0,340.0,김달
EsSXS7DoLWs,연인관계에서 갑과 을,2018-02-27,109458.0,1773.0,88.0,김달
KOv_-pvYtGU,집착을 하는 이유 (ft.질린다 너..),2018-02-23,303542.0,6067.0,343.0,김달
xXtOrcFeqMo,"스스로가 불행하다고 느껴진다면, 이 영상을 꼭 보세요.",2018-02-08,102983.0,2097.0,119.0,김달
2TENQiiqYQI,"권태기가 왔을 때, 좋은 방법",2018-02-01,71148.0,660.0,43.0,김달
pHT9W4c-E-0,나를 사랑해주는 사람을 만나봐요.,2018-01-18,236294.0,2517.0,295.0,김달
RSx6jBcTmmg,상대방보다 본인을 더 사랑할 줄 아는 사람이 되세요.,2018-01-15,191795.0,4430.0,254.0,김달
XCh7mOqJgH4,"남사친, 여사친 때문에 싸우는 커플들이 꼭 봐야하는 영상 (feat. 남녀가 친구가 될 수 없는 이유)",2017-12-29,328383.0,4117.0,544.0,김달
Q0FHoitpLnA,집에서 혼자 머리자르는 방법 (ft.상의탈의),2017-12-09,42054.0,369.0,45.0,김달
NImNiOe6pPo,헤어진 연인들이 꼭 봐야 하는 영상,2016-11-08,1173514.0,13533.0,1067.0,김달
