video_id,title,date,view,likecnt,comment,channel_name
xis6SGqG9mo,Pandas tutorial time series,2022-09-30,423.0,16.0,2.0,오늘코드todaycode
GQMCagbbrAc,파이토치 공식문서 번역된 한국어 문서로 보고 싶다면 어디다?! 👉 pytorch.kr,2022-08-31,733.0,28.0,4.0,오늘코드todaycode
dPsHFI11EfE,파일 용량을 1/10 로 줄이는 방법?! pandas 로 parquet 파일 포맷 다루기,2022-08-30,949.0,28.0,6.0,오늘코드todaycode
hJp8IiyIfFI,[2/2] 데이터프레임의 전체에 다운캐스트를 하면 용량은 얼마나 줄어들까?,2022-07-30,794.0,24.0,3.0,오늘코드todaycode
3rTjEtj9Rg4,[1/2] 1G 이상의 파일을 여러 개 불러와야 하는데 메모리가 부족하다면?  판다스 다운캐스트,2022-07-29,760.0,34.0,1.0,오늘코드todaycode
N9ErDarBs4g,판다스 공식 문서 함께 보기 - Pandas Getting Started   DataFrame Series,2022-06-30,878.0,11.0,0.0,오늘코드todaycode
epkjiyzcSG8,파이썬의 대표적인 데이터 분석도구 판다스 공식 문서 활용하기,2022-05-31,1459.0,43.0,4.0,오늘코드todaycode
GYv5r1SQWe0,판다스 개발자가 직접 쓰고 공개한 파이썬 데이터 분석 3판,2022-05-30,2222.0,91.0,3.0,오늘코드todaycode
Oj2u7SN7-Bk,나도 판다스 오픈소스 기여자?!,2022-04-27,1116.0,28.0,3.0,오늘코드todaycode
4x9bReyrH-w,3.4 [3/3] 그리드 랜덤서치로 하이퍼 파라미터찾기,2022-04-25,767.0,13.0,2.0,오늘코드todaycode
R3jlcyehc50,3.4 [2/3] KoNLPy 꼬꼬마 은전한닢 트위터 형태소 분석기로 품사태깅과 스테밍 실습,2022-04-24,858.0,11.0,0.0,오늘코드todaycode
cKiP6ZHzNvY,"도서리뷰 파이썬을 활용한 금융분석 2판 -파이썬의 기초부터 금융공학, 머신러닝, 퀀트 분석, 매매 시스템 구현까지",2022-04-24,1619.0,57.0,4.0,오늘코드todaycode
Cx1WED3mJzc,3.4 [1/3] koNLPy 형태소분석기 꼬꼬마 은전한닢 트위터형태소분석기로 품사태깅과 스테밍,2022-04-20,872.0,8.0,1.0,오늘코드todaycode
sZAGzIJvNdc,캐글에서 길을 잃었다면?! 머신러닝 딥러닝 문제해결전략 📜 공략집과 📝 체크리스트,2022-04-18,1275.0,59.0,4.0,오늘코드todaycode
gImBIcTUsVU,심평원 e book 파이썬 무료 전자책 소개 - 파이썬을 활용한 빅데이터 AI 분석 사례,2022-04-17,2117.0,121.0,7.0,오늘코드todaycode
iOreU7fYlXI,3.3 [3/4 뉴스 토픽 분류 랜덤포레스트 교차검증] 데이콘에 제출에 보기 전에 점수를 미리 알아보는 방법,2022-04-14,651.0,13.0,0.0,오늘코드todaycode
BhZvZpNF9jU,한번에 EDA 리포트 짱짱 pandas profiling 한글 폰트로 고통받는다면?,2022-04-14,695.0,26.0,3.0,오늘코드todaycode
05m8WyT7F50,3.3 [4/4 뉴스 토픽 분류 랜덤포레스트 교차검증] 데이콘에 제출하기,2022-04-13,421.0,8.0,0.0,오늘코드todaycode
L8BDDngB7F8,3.3 [2/4 뉴스 토픽 분류 랜덤포레스트 교차검증] TF-IDF 로 벡터화 하기,2022-04-11,470.0,7.0,0.0,오늘코드todaycode
TE1SNSlOp2s,3.3 [1/4 뉴스 토픽 분류 랜덤포레스트 교차검증] 학습예측데이터셋 전처리와 나누기,2022-04-10,527.0,11.0,0.0,오늘코드todaycode
UC0dcSpAFSk,3.2 [3/3 뉴스 토픽 분류] 디시전트리로 예측하고 데이콘에 제출해 보기 - 과소적합 과대적합 이해하기,2022-04-08,590.0,8.0,2.0,오늘코드todaycode
1KaxgtSQ3Iw,3.2 [2/3 뉴스 토픽 분류] DACON KLUE 뉴스 토픽 분류 AI 경진대회  단어벡터화,2022-04-07,560.0,9.0,2.0,오늘코드todaycode
AbAFI_1-cZ8,3.2 [1/3 뉴스 토픽 분류] DACON KLUE 뉴스 토픽 분류 AI 경진대회  텍스트 분류 전처리,2022-04-06,797.0,21.0,2.0,오늘코드todaycode
Hlv4MF1b4tE,3.1 [3/3 연합뉴스 토픽 분석] DACON KLUE 전처리와 워드클라우드,2022-04-05,643.0,13.0,2.0,오늘코드todaycode
69UC6JvgcbY,3.1 [2/3 연합뉴스 토픽 분석] DACON KLUE 텍스트 단어갯수와 길이 분포 displot으로 시각화하기,2022-04-04,596.0,9.0,0.0,오늘코드todaycode
z-6OGK81jcg,3.1 [1/3 연합뉴스 토픽 분석] DACON KLUE 데이터셋 소개와 데이터 전처리를 위한 병합,2022-04-03,1075.0,23.0,6.0,오늘코드todaycode
UVowQa5iY4w,2.2 [4/4 단어 벡터 만들기] 예제 코퍼스에 TF IDF 가중치 적용하기,2022-04-02,592.0,14.0,0.0,오늘코드todaycode
PTfngJEydts,"2.2 [3/4 단어 벡터 만들기] 오타, 불용어 따로 관리하지 않고 제거하고 싶다면?! 단어 가방은 문맥을 잃어버린다?!",2022-04-01,579.0,7.0,2.0,오늘코드todaycode
VzFqBqNcpIw,2.2 [2/4 단어 벡터 만들기]BOW CountVectorizer fit transform,2022-03-31,444.0,8.0,0.0,오늘코드todaycode
cRg4Eeo7K38,2.2 [1/4 단어 벡터 만들기]사이킷런 문서의 단어 가방 만들기와 tfidf 가중치 적용하기,2022-03-30,722.0,15.0,0.0,오늘코드todaycode
XFyAZu_S-G0,2.1 [3/3 초간단 머신러닝 텍스트 분류] 모델로 학습과 예측하기,2022-03-29,853.0,9.0,3.0,오늘코드todaycode
IaQtZAq3nOs,2.1 [2/3 초간단 머신러닝 텍스트 분류]텍스트 데이터 벡터화와 데이터셋 나누기,2022-03-28,960.0,16.0,2.0,오늘코드todaycode
NZOuiStDB8s,2.1 [1/3 초간단 머신러닝 텍스트 분류]를 위한 기본 준비와 데이터셋 만들기,2022-03-27,1531.0,35.0,2.0,오늘코드todaycode
DyldYDj3v1s,도서리뷰 [개정2판] 사이킷런(Scikit-Learn) 핵심 개발자가 쓴 머신러닝과 데이터 과학 실무서,2022-03-26,1570.0,46.0,3.0,오늘코드todaycode
csN83g-2GDY,1.2 [6/6 판다스로 텍스트 다루기] 데이터프레임을 파일로 저장하고 싶다면? csv 파일 저장과 불러오기 string타입의 이해,2022-03-26,709.0,14.0,3.0,오늘코드todaycode
CdvYiCDKSWc,"1.2 [5/6 판다스로 텍스트 다루기] 문자열 정규표현식으로 전처리하기, 문자길이와 단어갯수, map apply",2022-03-24,865.0,17.0,1.0,오늘코드todaycode
WrlovL32eEU,1.2 [4/6 판다스로 텍스트 다루기] 파이썬 판다스 문자열 바꾸기 replace 와 str replace는 다른가?,2022-03-23,807.0,17.0,0.0,오늘코드todaycode
SubbT5ygo6g,1.2 [3/6 판다스로 텍스트 다루기] 문자열 대소문자 변경 공백 제거 어절 나누기 파생변수 만들기,2022-03-22,902.0,20.0,2.0,오늘코드todaycode
p0bhrKU9pFk,1.2 [2/6 판다스로 텍스트 다루기] 파이썬 텍스트 분석을 위한 판다스 행 열인덱싱 슬라이싱 loc iloc,2022-03-21,1212.0,26.0,7.0,오늘코드todaycode
KwxC42tzWsI,1.2 [1/6 판다스로 텍스트 다루기]  파이썬 텍스트 분석을 위한 판다스 절대 기본 문자열 접근자,2022-03-20,1629.0,27.0,2.0,오늘코드todaycode
k00jlOO5U-g,1.1.2 텍스트 분석을 위한 파이썬 문자열 메서드 기본,2022-03-18,1013.0,21.0,0.0,오늘코드todaycode
KwO_BfeT5WE,1.1.1 파이썬 텍스트 분석을 위해 문자열 이 정도는 알아두자! 파이썬 문자열 기초,2022-03-17,1926.0,28.0,1.0,오늘코드todaycode
WUBDE3MO_IE,0303 넘파이 NumPy MNIST 손글씨 예측과 정확도 측정,2022-03-16,414.0,8.0,5.0,오늘코드todaycode
PvnjISHKIkU,0302 넘파이 NumPy MNIST 손글씨 이미지 딥러닝 학습,2022-03-15,475.0,5.0,0.0,오늘코드todaycode
grdH1cfEKkw,0301 넘파이 NumPy 딥러닝 손글씨 이미지 MNIST 데이터셋 로드와 정답 원핫인코딩으로 바꾸기,2022-03-14,538.0,11.0,0.0,오늘코드todaycode
DRCmZyFZ6n0,0203 넘파이 NumPy 활용 100배! 선형대수 특잇값분해 SVD 이렇게 쉽게 사용할 수 있다고?!,2022-03-13,538.0,17.0,0.0,오늘코드todaycode
RcwKPxgGARM,0202 넘파이 Numpy 행렬곱으로 이미지를 그레이스케일로 바꾸는 공식이 있다?!,2022-03-11,430.0,11.0,4.0,오늘코드todaycode
D1uwrXWQAN4,"0201 넘파이 Numpy 이미지는 왜 3차원일까, 내가 찍은 사진을 넘파이 배열로 만들어 볼까?!",2022-03-10,579.0,13.0,3.0,오늘코드todaycode
8EuMfObXfPA,21 넘파이 NumPy 로 이런 것도 만들 수 있다고?! 시각화에 빠져든다~,2022-03-09,446.0,7.0,2.0,오늘코드todaycode
F35tuogkPgQ,20 넘파이 Numpy 파일저장은 같은 데이터 타입만 되는데 다른 타입 일때는?,2022-03-08,362.0,7.0,1.0,오늘코드todaycode
o8E5qAxnQ84,19 넘파이 NumPy 회귀의 오차 측정 공식 MSE RMSE MAE MAPE,2022-03-07,483.0,13.0,1.0,오늘코드todaycode
BXmhsKvh2wQ,18 넘파이 꿀팁 공식문서 보는 단축키는 뭐다?! Numpy help docstring,2022-03-06,413.0,10.0,4.0,오늘코드todaycode
IT_3DyWDJXE,17 넘파이 NumPy 1D array flatten ravel 같은 기능을 하지만 무엇이 다를까?,2022-03-05,355.0,9.0,1.0,오늘코드todaycode
x0pJfL8b4ws,16 numpy 넘파이 전치행렬과 뒤집기 역순정렬 reshape transpose flip,2022-03-04,398.0,7.0,3.0,오늘코드todaycode
9UpxYTSI7gA,15 넘파이 unique 유일값으로 중복된 값은 거르고 보자!,2022-03-04,366.0,7.0,4.0,오늘코드todaycode
sDm-T6EUhiQ,14 넘파이 NumPy 랜덤 이렇게 사용하면 훨씬 빠르다?!,2022-03-02,421.0,13.0,2.0,오늘코드todaycode
10X7_bROAFU,"13 넘파이 NumPy 1D 2D 집계함수 - np.max, min, std, mean, prod 사용하기",2022-03-01,384.0,8.0,1.0,오늘코드todaycode
mIyiPx2-hUg,12 넘파이 NumPy  브로드캐스팅,2022-02-28,494.0,15.0,2.0,오늘코드todaycode
ef7J1lHT1bY,11 넘파이 NumPy  배열의 산술연산,2022-02-27,438.0,6.0,2.0,오늘코드todaycode
BjHtdN-LF00,"10 넘파이 NumPy vstack hstack hsplit 데이터 병합, 얕은 복사와 깊은 복사",2022-02-25,522.0,12.0,3.0,오늘코드todaycode
0khRF7PCzu4,09 넘파이 Numpy 인덱싱과 슬라이싱 조건 검색,2022-02-24,519.0,12.0,4.0,오늘코드todaycode
X24h7m2RlsI,"08 넘파이 배열 축 추가하기 np.newaxis, np.expand_dims()",2022-02-23,494.0,8.0,3.0,오늘코드todaycode
dgTkUAN4CK0,"07 ndim, size, shape, reshape 로 배열의 크기 구하기",2022-02-22,489.0,14.0,6.0,오늘코드todaycode
CRQAFw2GGQY,06 넘파이 정렬과 병합,2022-02-21,570.0,13.0,3.0,오늘코드todaycode
gNSdCSFWqts,05 넘파이 배열을 만드는 방법2 - 넘파이 배열 생성 정리와 속도 측정,2022-02-20,520.0,17.0,6.0,오늘코드todaycode
G_GdgXWCi9g,"04 넘파이 배열을 만드는 여러 방법 np.array, np.zeros, np.ones, np.empty, np.linspace",2022-02-18,706.0,18.0,9.0,오늘코드todaycode
ibPQCqZKD0o,03 넘파이 초보자를 위한 절대적인 기본 - list 와 np.array 의 차이,2022-02-17,1021.0,19.0,5.0,오늘코드todaycode
K2KF7hLITzc,02 파이썬은 느린데 넘파이는 빠르다?!,2022-02-16,914.0,22.0,4.0,오늘코드todaycode
ug3tz6WP7ZU,01 파이썬 수치 계산 도구의 핵심 🧮 넘파이 공식문서로 시작하기! ⚡️,2022-02-15,1869.0,31.0,3.0,오늘코드todaycode
53Np5TUz85I,학위 없이 폼나게 AI를 구현 할 수 있는 fastai 란? fastai 책 역자 인터뷰,2022-01-10,2776.0,76.0,9.0,오늘코드todaycode
xUcAb6wDATE,[통계청X오늘코드] 파이썬 활용 강좌 ⑥ MDIS를 활용한 경제활동인구조사 데이터 시각화 하기,2021-12-10,1213.0,25.0,6.0,오늘코드todaycode
p2PTgBZw2Os,[통계청X오늘코드]  파이썬 활용 강좌 ⑤ MDIS를 활용한 경제활동인구조사 데이터 전처리,2021-12-09,678.0,11.0,2.0,오늘코드todaycode
JwPyUKe5UcE,[통계청X오늘코드] 파이썬 활용 강좌 ④ 마이크로데이터 통합서비스(MDIS) 데이터 로드하기,2021-12-08,752.0,13.0,1.0,오늘코드todaycode
kCveFNwggBU,쌀 팔다 개발자 된 사연?! - 비전공자가 입문 6개월 만에 개발자 된 ssul,2021-11-30,1197.0,21.0,0.0,오늘코드todaycode
qvI7CZ8cg7k,[통계청X오늘코드] 파이썬 활용 TIP_③국가통계포털(KOSIS)자료로 소비자물가지수 주요 품목 막대 그래프 그리기,2021-11-25,899.0,23.0,0.0,오늘코드todaycode
ytKXVRDo0A0,[통계청X오늘코드] 파이썬 활용 TIP_②국가통계포털(KOSIS)자료로 소비자물가지수 꺾은선 그래프 그리기,2021-11-24,848.0,16.0,2.0,오늘코드todaycode
ER_VgKDNsmM,[통계청X오늘코드] 파이썬 활용 TIP_①국가통계포털(KOSIS)자료로 데이터 로드하기,2021-11-23,1298.0,35.0,1.0,오늘코드todaycode
_Jb2O-1gIPY,[1/6~ 6/6 모음] 통계청 출생아수 데이터 분석하기,2021-11-02,1496.0,38.0,1.0,오늘코드todaycode
ibOe7OIJQs0,[1/5~5/5모음] 대한민국 인구통계 분석,2021-11-01,1239.0,39.0,11.0,오늘코드todaycode
ECr23w_B3_w,[1/13~13/13 모음] 국민청원으로 파이썬 자연어처리 입문하기,2021-10-29,1511.0,48.0,2.0,오늘코드todaycode
h48RK_7DKdY,[1/13~13/13 모음] 2020 kaggle survey 캐글 설문조사로 데이터 분석 입문하기,2021-10-28,968.0,23.0,7.0,오늘코드todaycode
OPHPBkM4cfI,Q . Pandas GroupBy의 대괄호 & 소괄호는 어떻게 구분해서 사용하나요?,2021-08-29,3247.0,102.0,10.0,오늘코드todaycode
TSGcBvZo-8g,아나콘다 소개와 주피터 확장 설치방법 소개,2021-08-20,2104.0,59.0,0.0,오늘코드todaycode
HCrOPu4TZ70,🌱 인프런 📈 증권 데이터 수집과 분석으로 신호와 소음 찾기⚡️ 강좌가 오픈되었습니다.,2021-04-06,11550.0,74.0,12.0,오늘코드todaycode
hrQtJM-gpYw,[5/5] plotly express를 통한 여러가지 시각화 하기,2021-03-15,1836.0,32.0,11.0,오늘코드todaycode
uD5bD8mYxYg,[1/5] plotly 를 통한 파이썬 동적 시각화 - 쉬운 방법(express) vs 복잡한 방법(graph_objs),2021-03-08,3642.0,59.0,7.0,오늘코드todaycode
QmHyks8sG_o,[3/20] ETF분석 어떤 종류의 상품이 많을까? - 한 개의 변수 분석과 시각화,2021-02-09,610.0,9.0,0.0,오늘코드todaycode
F9uMRWkpKV8,[2/20] ETF분석 종목코드의 숫자가 사라진다면?! 데이터로드와 결측치 확인 시각화,2021-02-08,465.0,16.0,0.0,오늘코드todaycode
4ErQLKS_niE,[1/20] ETF분석 시작하기 - 데이터로드 폰트와 스타일 설정,2021-02-07,782.0,19.0,2.0,오늘코드todaycode
24lD10IfNmI,[1/3] ETF 전종목 전처리 - 종목코드가 제대로 표시되지 않는다면?!,2021-02-04,931.0,22.0,2.0,오늘코드todaycode
1ydH6ugjNOQ,[2/2] ETF 전종목 수집 JSON 타입도 판다스로?!,2021-02-03,1119.0,36.0,6.0,오늘코드todaycode
-eVe2Dzj6lI,[1/2] ETF 전종목 브라우저의 네트워크 탭을 이해하면 코드 한 줄로 가능하다?!,2021-02-02,916.0,19.0,1.0,오늘코드todaycode
1uXNX5oE6Aw,[2/5] 분명 그 URL 맞는데 왜 데이터를 못 가져올까? 답은 브라우저에 있다?!,2021-01-27,1911.0,48.0,8.0,오늘코드todaycode
aZjdy7-KVYA,[1/5] 크롤링?! 일별시세를 직접 수집해보자!,2021-01-26,3169.0,58.0,5.0,오늘코드todaycode
wa5batG2qqs,[2/3] 여러 종목의 수익률 어떻게 시각화 할까?!,2021-01-24,1357.0,36.0,5.0,오늘코드todaycode
H6rSEUwQASk,[1/3] 여러 종목의 수익률 어떻게 비교할까?!,2021-01-23,1600.0,45.0,7.0,오늘코드todaycode
1NTEizOW8so,"[3/3] 일별 시세 시각화 2축 그래프, 과학적 표기법?!",2021-01-22,1349.0,42.0,3.0,오늘코드todaycode
i9I9-bfA9kE,[2/3] 종목명으로 종목코드를 찾아 일별 시세를 수집하자,2021-01-21,1791.0,34.0,6.0,오늘코드todaycode
PNk1h2ELuHI,[1/3] 일별 주식 시세도 이거 하나면 코드 한줄로 전기간 수집이 가능하다?!,2021-01-20,2475.0,30.0,7.0,오늘코드todaycode
fkIOJJNXckw,KRX분석 [4/13] loc와불리언인덱싱,2021-01-10,1630.0,45.0,8.0,오늘코드todaycode
qY7YI5Nuj7M,KRX분석 [3/13] 시리즈와 데이터프레임의 이해와 색인,2021-01-09,1842.0,53.0,5.0,오늘코드todaycode
XFpmEIbtAu0,"KRX분석 [2/13] 데이터 요약하기 - pandas describe, info",2021-01-08,1984.0,48.0,6.0,오늘코드todaycode
NW1hJ5_YuSE,KRX분석 [1/13] 한국거래소 전체 종목분석 강좌소개와 데이터로드 미리보기,2021-01-07,3346.0,66.0,5.0,오늘코드todaycode
qexaEUqvRic,KRX 한국 거래소 전체 주식 종목 리스트 이거 하나면 코드 한 줄로 수집 가능하다?! - FinanceDataReader,2021-01-06,6140.0,128.0,28.0,오늘코드todaycode
Bjsv-ip4Ruk,의도치 않게 값이 변경되었다?! - Pandas 얕은 복사와 깊은 복사,2021-01-05,722.0,23.0,0.0,오늘코드todaycode
W2e_UrfQR9g,Pandas가 증권가에서 일하는 퀀트에 의해 개발되었다는 사실 알고 계신가요?,2021-01-05,4917.0,97.0,8.0,오늘코드todaycode
sNFflbkvKwc,[13/13]  캐글노트북을 내 컴퓨터에서 편집하고 싶다면?,2021-01-04,477.0,9.0,0.0,오늘코드todaycode
efmNM_69x7c,[12/13] 캐글러는 어떤 툴과 제품 환경에서 분석과 머신러닝 모델을 구현할까?,2021-01-03,555.0,18.0,2.0,오늘코드todaycode
IIClz8It49U,[11/13]  💵 전세계 캐글러의 연봉은 얼마나 될까? 💰,2021-01-02,754.0,18.0,3.0,오늘코드todaycode
CIICP2wQ4-U,[10/13] 7번~23번 하나의 함수로 모든 질문 분석하기 - kaggle survey,2021-01-01,483.0,13.0,0.0,오늘코드todaycode
LiCOMfFGmgw,[9/13] 여러 답변을 함께 분석하고 싶다면?-2020 kaggle survey,2020-12-30,379.0,11.0,0.0,오늘코드todaycode
nyi5lcR1urE,[8/13]  두 개의 변수에 대한 빈도수는 어떻게 구할까?  pd.crosstab - 2020 kaggle survey,2020-12-29,444.0,17.0,1.0,오늘코드todaycode
fO7T1hHgOXo,[7/13] 함수를 통해 반복된 작업을 줄여보자!,2020-12-25,705.0,25.0,0.0,오늘코드todaycode
ek4mrjxEViY,[6/13]  캐글러가 주로 사용하는 언어는? 파이썬? R? SQL?!,2020-12-24,758.0,14.0,0.0,오늘코드todaycode
Q0hS7tJOhIA,[5/13]  multiple choice 컬럼의 응답값 빈도수는 어떻게 구할까?,2020-12-22,435.0,11.0,0.0,오늘코드todaycode
huabNM_qjjw,[4/13] 질문번호로 빈도수 그래프를 그려주는 함수를 만들어보자 - kaggle survey2020,2020-12-21,690.0,15.0,0.0,오늘코드todaycode
_1Yce1_mpaM,[3/13] 캐글 사용자의 연령대와 성별은 어떻게 될까?,2020-12-20,970.0,20.0,2.0,오늘코드todaycode
aIVX09AL-Lk,[2/13] 캐글은? 경진대회? 데이터셋? 노트북? 랭킹? 노트북을 만들어 경진대회의 데이터셋 분석해 보기,2020-12-19,1245.0,23.0,2.0,오늘코드todaycode
8_7iou5hjVg,[1/13] 🗂전세계 데이터 사이언티스트들의 연령대? 관심사? 고용상태? 임금? 📊 이 궁금하다면? - 2020 kaggle survey,2020-12-18,2164.0,38.0,2.0,오늘코드todaycode
1jhFiT-DXws,[5/7] 네트워크탭보는방법과수집할URL찾고요청하는함수만들기,2020-12-04,885.0,12.0,6.0,오늘코드todaycode
58AuPBcJtCQ,[4/7] read html로데이터를읽어올수없는이유와기존의수집방법,2020-12-03,707.0,15.0,1.0,오늘코드todaycode
TVG68-ZIKzo,[3/7] 소스코드에서 보였던 데이터 어디에 있을까?! 브라우저의 네트워크탭과 JSON형식 이해하기,2020-12-02,699.0,12.0,7.0,오늘코드todaycode
tfaaDHot_iY,"[2/7] 데이터 수집 전 로봇배제표준, 저작권, 무리한 네트워크 요청 확인하기",2020-12-01,952.0,30.0,0.0,오늘코드todaycode
FfBRC7_j2k8,[1/7] 데이터 수집 VS 크롤링 - 서울시 코로나19 발생현황 사이트 수집준비,2020-11-30,2269.0,44.0,4.0,오늘코드todaycode
J2KTLJQDN6k,파이썬 데이터 시각화 도구 씨본의 변화들 seaborn - distplot이 없어졌다?!,2020-10-07,1962.0,46.0,6.0,오늘코드todaycode
Fqo6RoIJUFA,분석하기 좋은 데이터는 어떤 데이터 일까요?,2020-09-03,4301.0,52.0,11.0,오늘코드todaycode
UQTaNegXQh0,판다스의 판다가 그 곰이 아니었다?!,2020-09-02,1446.0,55.0,8.0,오늘코드todaycode
BTJ85Kak1nI,"[4/4] FacetGrid와 PairGrid를 통한 lmplot, pairplot 으로 서브플롯 그리기",2020-08-29,529.0,12.0,0.0,오늘코드todaycode
si6TCGmuBTM,"[3/4] 비선형 회귀, 국소회귀, 잔차 시각화로 표현하기",2020-08-28,689.0,17.0,4.0,오늘코드todaycode
CW4TfH3c0IQ,[2/4] 선형회귀 다변수 시각화,2020-08-27,629.0,15.0,2.0,오늘코드todaycode
lhrmce2g1Fc,"[1/4] 추세 분석, 상관 분석, 회귀 계수 등을 분석할 수 있는 선형회귀 코드 한 줄로 시각화 하기",2020-08-26,885.0,27.0,1.0,오늘코드todaycode
VNYUxpXS-H4,"[3/3] 수치형 다변수의 분포 PairGrid, pairplot",2020-08-25,421.0,9.0,5.0,오늘코드todaycode
aqk4FD8N028,[2/3] 수치형 2변수의 빈도수 분포 jointplot,2020-08-24,273.0,8.0,0.0,오늘코드todaycode
y0Q9bjad45o,"[1/3] 수치형 단일변수의 빈도수 분포 distplot, kdeplot, rugplot",2020-08-23,412.0,6.0,0.0,오늘코드todaycode
EDM28b3H2o0,"[4/4] 수치형 vs 범주형 변수의 서브플롯 barplot, pointplot, countplot",2020-08-22,480.0,14.0,5.0,오늘코드todaycode
3fhITx9BCm0,"[3/4] 수치형 vs 범주형 변수의 서브플롯 - boxplot, boxenplot, violinplot",2020-08-21,392.0,12.0,0.0,오늘코드todaycode
HnD_PVWhsQE,"[2/4] 수치형 vs 범주형 변수의 서브플롯 쉽게 그리기 - stripplot, swarmplot",2020-08-20,277.0,10.0,1.0,오늘코드todaycode
cooQq10Vm_s,[1/4] 수치형 vs 범주형 변수를 표현하는 그래프를 서브플롯으로 그려보자,2020-08-19,496.0,13.0,0.0,오늘코드todaycode
g8rjkEm8o6Y,"[3/3] scatterplot, lineplot으로 같은 그래프를 그릴 수 있음에도 relplot 이 있는 이유는?",2020-08-18,250.0,7.0,2.0,오늘코드todaycode
PQirL9RI854,"[2/3] scatterplot, lineplot으로 같은 그래프를 그릴 수 있음에도 relplot 이 있는 이유는?",2020-08-17,379.0,11.0,0.0,오늘코드todaycode
IiAt5ftCCso,"[1/3] scatterplot, lineplot으로 같은 그래프를 그릴 수 있음에도 relplot 이 있는 이유는?",2020-08-16,437.0,12.0,0.0,오늘코드todaycode
XtPB41EPrgI,"온라인 상에 공개된 꾸준히 업데이트가 되는 실습을 하며 배우는 딥러닝 책, 게다가 번역본도?! - Dive into Deep Learning",2020-08-07,2491.0,116.0,10.0,오늘코드todaycode
KRbeqhr4X8o,"혼자만 알기 아까운 제법 괜찮은 온라인 서적 사이트, 게다가 무료?!",2020-08-06,2834.0,143.0,14.0,오늘코드todaycode
Xt_L_iMXElU,"Tiny Data로 만들고 시각화 할 때 unstack과 transpose, reset_index를 언제 사용해야 하나요?",2020-07-31,1067.0,33.0,2.0,오늘코드todaycode
JaOKYC55UUc,"[~/25] 서울시 코로나 19 발생동향 분석 소스코드, CSV 파일 다운로드 안내",2020-07-13,2159.0,19.0,7.0,오늘코드todaycode
bTdF26sfusQ,[4/25] 판다스 시각화를 위한 한글 폰트 설정,2020-07-11,1440.0,17.0,9.0,오늘코드todaycode
waNrC9tZ_7s,[3/25] 크롤링한 csv파일 판다스로 로드하기,2020-07-09,1804.0,19.0,2.0,오늘코드todaycode
iV_2WN2nqls,[2/25] 서울 코로나19현황 파이썬으로 분석해 볼 내용들,2020-07-08,3883.0,44.0,12.0,오늘코드todaycode
irHfF1ZcuY0,[1/25]  서울시 코로나19 사이트 Pandas 단 한 줄로 크롤링 하기,2020-07-08,8411.0,83.0,25.0,오늘코드todaycode
OfNFVVij5nE,[6/6] 출생아수가 늘어나는 지역이 있다? (feat.통계청),2020-07-06,874.0,25.0,10.0,오늘코드todaycode
nekojMCw-Lk,[5/6] seaborn으로시각화는 pandas plot과 시각화 할 때 어떤점이 다를까?,2020-07-03,1237.0,27.0,17.0,오늘코드todaycode
8QE6E13neNc,[4/6] 통계청 출생아수 pandas plot으로 그리기,2020-07-02,1360.0,23.0,4.0,오늘코드todaycode
hBRRYzv-uAI,[3/6] 대한민국 출생아수 분석 - 데이터 전처리 - 수치데이터 전처리 전국 전체 성별 색인하기,2020-06-29,901.0,19.0,0.0,오늘코드todaycode
jvO0Npkw7r8,"[2/6] 대한민국 출생아수 데이터 연도, 월, 성별, 텍스트 데이터 전처리",2020-06-28,1835.0,30.0,1.0,오늘코드todaycode
traVslTwiHM,[1/6] 통계청 출생아수 데이터를 Pandas의 melt로 tidydata만들기,2020-06-26,2367.0,46.0,2.0,오늘코드todaycode
8wwTvSX-qlA,[5/5] 추계 인구수 분석 1925년부터 인구추세는 어떻게 변화했을까?,2020-06-25,1057.0,16.0,2.0,오늘코드todaycode
uViG1tY3wKY,[4/5] 최근50간 데이터를 슬라이싱으로 나눠서 시각화하기,2020-06-24,976.0,20.0,3.0,오늘코드todaycode
4SFikF-HjaM,[3/5] 대한민국 인구통계 출생사망자수를 같은 그래프에서 그리기,2020-06-24,1510.0,27.0,6.0,오늘코드todaycode
kwv-BWizDow,[2/5] 대한민국 인구통계 point lineplot으로 그리기,2020-06-22,1862.0,38.0,2.0,오늘코드todaycode
gRTsthAhpLA,[1/5] 판다스로 초간단 위키페이지 크롤링하기 - 1925년부터의 인구 통계 분석하기,2020-06-21,4032.0,79.0,17.0,오늘코드todaycode
Tc5p02W7y5c,"[2/2] 이변량, 다변량 데이터 표현하기 countplot, catplot",2020-06-07,911.0,9.0,8.0,오늘코드todaycode
HWiUsyJ4Mc4,[인프런 리뉴얼] [14/21] 정보 마스킹 - 전화번호의 일부 마스크처리 하기,2020-04-17,1149.0,23.0,2.0,오늘코드todaycode
isk0loa6rlM,"[인프런 리뉴얼][6/9] folium 으로 Marker, CircleMarker 로 그려보기",2020-04-16,753.0,13.0,3.0,오늘코드todaycode
Pn7CpA3F7Jw,[인프런 리뉴얼][7/10] 파리바게뜨와 뚜레쥬르 분석을 위한 텍스트 데이터 다루기,2020-04-15,1275.0,17.0,2.0,오늘코드todaycode
0I7-gAxA_lc,[인프런 리뉴얼] [9/15] 구별 음식점 분석으로 서브셋 만들기 - boolean Indexing 이해하기,2020-04-13,621.0,6.0,1.0,오늘코드todaycode
O2kp4LIUnYc,[인프런 리뉴얼] [7/15] 이변량 수치형 데이터 분석하기 - 상관계수를 구해보고 회귀선 그려보기,2020-04-12,670.0,6.0,2.0,오늘코드todaycode
_COsmUTILc4,[인프런 리뉴얼] [15/20] tidy data 를 이해하고 pandas 의 melt 로 두 개의 데이터셋을 같은 형태로 만들기,2020-04-11,468.0,6.0,0.0,오늘코드todaycode
oXrc1sAfoy0,[인프런 리뉴얼] [6/20] 규모구분 컬럼을 전용면적으로 변경하고 사용하지 않는 컬럼 제거로 메모리 용량 줄이기,2020-04-11,540.0,8.0,0.0,오늘코드todaycode
QRzE35oNCvU,"seaborn 선그래프, 산포도, 회귀선을 그리는 서브플롯 쉽게 그리기relplot lmplot",2020-02-06,1265.0,18.0,5.0,오늘코드todaycode
7Weku3Shs1w,시계열 데이터 시각화하기 [4/4] -statmodels,2020-02-02,1531.0,32.0,6.0,오늘코드todaycode
E7VWtUnbB08,시계열 데이터 시각화하기 [3/4] - 데이터를 datetime 으로 변환해서 보기,2020-02-01,1550.0,22.0,2.0,오늘코드todaycode
ASQzhMEpmz8,"파이썬 시계열 데이터 시각화 [2/4] - pivot으로 형태 바꿔서 표현하기, heatmap, subplot 표현하기",2020-01-31,2202.0,35.0,0.0,오늘코드todaycode
SXW3PRhkll8,파이썬 시계열 데이터 시각화 [1/4] - 항공 수송 인원 데이터를 다양한 형태의 그래프로 표현하기,2020-01-30,4380.0,81.0,16.0,오늘코드todaycode
FA6ZPHUEQWw,댓글 수백 수천개 분석하기?! [5/5] 불용어를 제거하고 워드클라우드로 텍스트 데이터 시각화 feat. 인프런 새해 다짐 이벤트,2020-01-15,3412.0,39.0,15.0,오늘코드todaycode
jhK6NK9hQEM,댓글 수백 수천개 분석하기?! [4/5] 군집화로 비슷한 댓글끼리 모으기 KMeans 비지도 학습 feat. 인프런 새해 다짐 이벤트,2020-01-14,2850.0,43.0,5.0,오늘코드todaycode
RPGuYIGGKKM,댓글 수백 수천개 분석하기?! [3/5]BOW TF-IDF 단어 벡터화 feat. 인프런 새해 다짐 이벤트,2020-01-13,4458.0,76.0,13.0,오늘코드todaycode
mGP2KmHYpXA,댓글 수백 수천개 분석하기?! [2/5] 데이터 전처리 키워드 추출 feat. 인프런 새해 다짐 이벤트,2020-01-12,5225.0,113.0,18.0,오늘코드todaycode
OUSwQk79H8I,댓글 수백 수천개 분석하기?! [1/5] 이벤트 데이터 크롤링 feat. 인프런 새해 다짐 이벤트,2020-01-11,8712.0,140.0,31.0,오늘코드todaycode
e4SWF-ePwIE,PairGrid 서브플롯을 한 번에 그려주는 pairplot 과 비슷하지만 다르다?!,2020-01-08,703.0,11.0,2.0,오늘코드todaycode
WFbW99--8VU,다양한 범주형 변수에 따라 생존률은 어떻게 달라질까? - seaborn PairGrid,2020-01-07,671.0,22.0,2.0,오늘코드todaycode
BKQYJlco2rk,"우울할 때 코기, 아기고양이 모드 - google colaboratory",2020-01-06,615.0,16.0,4.0,오늘코드todaycode
EjY5bjyJe8U,"[2/2] 데이터 필터링, 정렬 코드 한 줄로 이렇게 쉽게? colab data table",2020-01-05,830.0,27.0,4.0,오늘코드todaycode
RCPJmSY4-jg,"[1/2] 데이터 필터링, 정렬 코드 한 줄로 이렇게 쉽게? colab data table",2020-01-04,1109.0,23.0,1.0,오늘코드todaycode
AZhKK8WYAXI,코드 한 줄로 이 모든 기술 통계를 한 번에 볼 수 있다? - pandas profiling,2020-01-03,3400.0,125.0,27.0,오늘코드todaycode
mKKgABQ4Vz4,"분산분석-분산과 표준편차 구하기, catplot 과 FacetGrid 의 차이점",2020-01-02,524.0,12.0,2.0,오늘코드todaycode
d0aQkEq95sA,"다원변량 분산분석(MANOVA) three-way ANOVA,  catplot 으로 서브플롯 그리기 FacetGrid와의 차이점",2020-01-01,1165.0,17.0,6.0,오늘코드todaycode
TipHF_1-S6M,수치vs수치형 데이터의 밀도함수 그래프 - seaborn iris kdeplot bivariable,2019-12-31,656.0,15.0,3.0,오늘코드todaycode
JFYUNCHCD4Q,"다변량 데이터 시각화 - pairplot 으로 서브플롯 쉽게 그리기, iris, tips, mpg 다양한 데이터셋으로 그려보기",2019-12-29,875.0,18.0,11.0,오늘코드todaycode
m3gbi4imcSU,피어슨 상관 계수(Pearson correlation coefficient)를 구하고 히트맵으로 표시하기,2019-12-27,2238.0,31.0,2.0,오늘코드todaycode
af0VDlTtlrg,항공수송 인원 수 pivot 으로 표형태로 변환 뒤에 수치의 많고 적음에 따라 표현하기 seaborn heatmap airpassenger,2019-12-26,472.0,9.0,2.0,오늘코드todaycode
1r-pW25Wyk8,"범주형 값에 따라 서브플롯그리기, pivot_table, crosstab 으로 시각화 내용 확인하기 seaborn fatcetgrid",2019-12-24,396.0,10.0,6.0,오늘코드todaycode
mpsWhu4wUFY,[jointplot] 산점도+회귀+도수분포+밀도를 하나의 그래프로 표현하기 seaborn  reg kde hex,2019-12-23,434.0,5.0,2.0,오늘코드todaycode
_-RoqJXe_9c,"수치 데이터의 분포, 히스토그램 표현하기 - seaborn distplot subplots",2019-12-22,805.0,11.0,2.0,오늘코드todaycode
car0_zdonlc,서브플롯으로 회귀선 그리기 seaborn iris lmplot - multiple regression,2019-12-20,368.0,9.0,4.0,오늘코드todaycode
UMOtNeFEjaE,회귀선의 잔차(residuals)를 시각화 하고 scatterplot vs regplot vs residplot 과 비교하기,2019-12-19,1053.0,23.0,8.0,오늘코드todaycode
Q7XMSDpBb7g,주피터 노트북 사용법과 단축키 jupyter notebook shortcut,2019-12-18,20752.0,324.0,21.0,오늘코드todaycode
1O8_HM-Mo1Y,"planets 데이터로 scatterplot 산점도,  상관계수, 상관분석 이해하기",2019-12-17,1352.0,19.0,6.0,오늘코드todaycode
3BlJvU17I2M,"다이아몬드 데이터셋으로 박스플롯을 보완한  boxenplot 으로 boxplot, violinplot  과 비교해 보기 - seaborn diamonds boxen",2019-12-16,644.0,11.0,1.0,오늘코드todaycode
Yg0G-m3-120,오늘코드 - Now is better than never.,2019-12-15,4676.0,39.0,3.0,오늘코드todaycode
AB_NBs3Wttc,수치형 VS 수치형 데이터 표현에 적합한 seaborn scatterplot,2019-12-13,966.0,16.0,0.0,오늘코드todaycode
hD3yj1w3mzs,1년치 시계열 데이터 변화량을 선그래프로 그리기,2019-12-09,2436.0,30.0,6.0,오늘코드todaycode
GJM1QXwXtEw,시계열데이터 시각화에 좋은 선그래프 lineplot  그리기,2019-10-22,1506.0,27.0,3.0,오늘코드todaycode
UOKjbLfx4L0,[책리뷰] 파이썬을 활용한 머신러닝 쿡북,2019-10-11,1680.0,28.0,6.0,오늘코드todaycode
M33R8bInVhQ,"비전공자, 대학교 중퇴, 32세 개발입문 IT 회사를 창업했다? -  인프런(인프랩) 시작 사례",2019-10-01,4101.0,89.0,8.0,오늘코드todaycode
FKAUpoE266A,"수치, 카테고리 데이터로 시각화 하기 - 행성 거리와 측정방법에 따라 box, swarm plot 그리기",2019-09-26,480.0,10.0,6.0,오늘코드todaycode
M4yY1nVHdYY,[오프라인] 뼈문과를 위한 현실 데이터 분석 수업안내,2019-09-23,3933.0,34.0,12.0,오늘코드todaycode
CXRcE2PGOJk,글로벌 메신저 라인의 개발자 일단 저지르고 본다?  - [저자 인터뷰2/2] 나는 LINE 개발자입니다,2019-09-23,903.0,12.0,3.0,오늘코드todaycode
CeBTJsmH6_w,개발자에서 테크에반젤리스트로? - [저자 인터뷰1/2] 나는 LINE 개발자입니다,2019-09-23,2511.0,27.0,3.0,오늘코드todaycode
05_TZ2MNbKs,카테고리 형태의 데이터를 산점도로 표현한다면? swarmplot 과 violinplot 비교하기,2019-09-14,1084.0,11.0,4.0,오늘코드todaycode
rAtDqXcPWPU,파이썬 시각화 - 바이올린플롯을 그라데이션으로 숫자의 크기를 표현하고 싶다면?,2019-09-14,893.0,12.0,0.0,오늘코드todaycode
r4uRX3CY3eE,박스플롯과 분포도를 합친 그래프가 있다고? 바이올린? violin plot을 tips 데이터로 그려보기,2019-09-09,1608.0,18.0,10.0,오늘코드todaycode
TxpSifRXyAw,파이썬으로도 엑셀처럼 그래프에 값을 표시할 수 있다? 자동차 생산 데이터로 막대그래프를 그리고 값을 표현해 보기,2019-09-08,2786.0,38.0,18.0,오늘코드todaycode
OJ7xi2ytn_A,"파이썬 시각화 - tips 데이터 요일별,  시간대별 상자수염그림 boxplot 그리기",2019-09-07,1861.0,21.0,4.0,오늘코드todaycode
yv2e9QO2BJA,"파이썬 시각화 -  씨본 자동차 사고 데이터로 음주운전과 전체사고를 비교해 보기, seaborn  sns barplot",2019-09-05,859.0,16.0,7.0,오늘코드todaycode
-kGzbA75V5I,파이썬 데이터 시각화 -  막대그래프 python seaborn  grouped barplots,2019-09-02,2595.0,40.0,7.0,오늘코드todaycode
U8jVfaNeDWQ,[마감] 9/5 오후1시 티켓오픈 : 오프라인 무료 튜토리얼 (서울창업허브 2019.09.21토)  신청 👉 http://bit.ly/todaycode_festa,2019-09-02,1103.0,36.0,6.0,오늘코드todaycode
MjYgXyS-cws,파이썬 데이터 시각화 막대그래프 서브플롯 그리기와 스타일 지정하기 seaborn - barplot subplot palette,2019-08-31,2723.0,34.0,8.0,오늘코드todaycode
N-1tfwd4cj0,파이콘 한국 2019 라이트닝토크 - 파이썬으로 유튜브 하기 PyCon KR 2019 LT,2019-08-19,2495.0,148.0,53.0,오늘코드todaycode
8FZI3NhQk9Q,[3/3] 파이썬 데이터 시각화 - seaborn lmplot과 regplot의 차이 신뢰구간의 의미와 hue 등 다양한 옵션 사용하기,2019-08-01,3613.0,56.0,7.0,오늘코드todaycode
BAIqTnEOMa8,[2/3] 파이썬 데이터 시각화 - seaborn lmplot 같은 통계적 수치를 가지는 데이터셋의 요약을 pandas의 describe와 corr으로 보기,2019-07-31,4031.0,41.0,8.0,오늘코드todaycode
k_4SB4w8I8Q,"[1/3] 파이썬 데이터 시각화 seaborn lmplot 예제 따라하기 - 평균, 표준편차, 상관계수, 회귀값이 같은 데이터 시각화",2019-07-30,8555.0,93.0,7.0,오늘코드todaycode
NFwWUu96rzI,"파이썬 Python으로 다양한 시각화 라이브러리 사용하기 - matplotlib, seaborn, pandas, ggplot, plotnine, plot.ly, Bokeh",2019-07-29,9276.0,157.0,7.0,오늘코드todaycode
FzCcFDYeJDk,[책 리뷰] 파이썬 코딩 도장[2/2]  - unit64 기상청 도시별 현재날씨 Python requests로 크롤링해서 분석하기,2019-07-18,2986.0,43.0,5.0,오늘코드todaycode
RmQCOLogQxQ,[책 리뷰]  파이썬 코딩 도장 [1/2] - 프로그래밍은 공부가 아닙니다. 연습입니다.,2019-07-18,4263.0,60.0,7.0,오늘코드todaycode
c0s_QYrsXZs,"[책 리뷰] 파이썬 라이브러리를 활용한 데이터 분석(2판) - Pandas 를 통한 영화 평점, 이름 통계, 선거 데이터 등 실사례 분석",2019-07-13,5276.0,63.0,13.0,오늘코드todaycode
WfUWt6GnKjw,(데이터톤 06) 파이썬 데이터 분석 03 - 워드클라우드로 텍스트 시각화 하기(정부혁신 국민포럼 페이지 분석),2019-06-19,5732.0,77.0,10.0,오늘코드todaycode
cRzJNEN5mGI,"(데이터톤 05) 파이썬 데이터 분석 02 - Pandas, seaborn  으로 시각화 하기(정부혁신 국민포럼 페이지 분석)",2019-06-18,1959.0,31.0,2.0,오늘코드todaycode
tDr3EFMELXI,(데이터톤 04) 파이썬 판다스로 크롤링한 데이터 분석하기 01(정부혁신 국민포럼 페이지 분석),2019-06-17,2901.0,43.0,8.0,오늘코드todaycode
oDOqLiYdk1s,(데이터톤 03) Python 파이썬 크롤링  - BeautifulSoup 을 통해 html 태그를 파싱하기(정부혁신 국민포럼 페이지 가져오기),2019-06-17,4165.0,57.0,17.0,오늘코드todaycode
OcRA5Cy3FAA,(데이터톤 02) Python 파이썬 크롤링  - BeautifulSoup 을 통해 html 태그에서 href의 링크만 추출(정부혁신 국민포럼 페이지 가져오기),2019-06-17,5009.0,57.0,18.0,오늘코드todaycode
mdlFh-sJ7QQ,(데이터톤 01) Python 파이썬 크롤링  - requests 로 html 파일 불러오기(정부혁신 국민포럼 페이지 가져오기),2019-06-17,9762.0,137.0,18.0,오늘코드todaycode
ex9JP1iFcnY,[책 리뷰] (크롤링) 파이썬으로 웹 크롤러 만들기(2판) : 초간단 나만의 웹 크롤러로 원하는 데이터를 가져오는 방법,2019-06-08,6979.0,129.0,9.0,오늘코드todaycode
bI7nnhXsBy8,Pandas Cheat Sheet 강좌 인프런 이전 안내 - 파이썬 판다스 데이터 분석과 시각화 튜토리얼 강의,2019-05-27,10388.0,57.0,6.0,오늘코드todaycode
Rhqsrpc95ig,"책 소개 - 온라인으로 공개되어 있는 책 활용하기, 파이썬 데이터 사이언스 핸드북 Python Data Science Handbook",2019-05-14,7095.0,151.0,16.0,오늘코드todaycode
FHiTv-c7vUw,"책 소개 - (다운로드 종료) Hands-on Machine Learning with Scikit-Learn, Keras, and TensorFlow",2019-05-13,972.0,21.0,16.0,오늘코드todaycode
u9DgeT01ci0,"주피터 익스텐션(Jupyter Extension)으로 문서화, PEP8, 컨벤션, 목차 등 다양한 기능 사용하기",2019-05-08,4840.0,45.0,10.0,오늘코드todaycode
jzuz-FCL3i8,[3] 파이썬 머신러닝 라이브러리(Scikit-learn) 핵심 개발자의 슬라이드로 기계학습 개념 정리하기 - classification 모델 비교와 시각화 강좌,2019-05-05,4823.0,97.0,14.0,오늘코드todaycode
uM8pyX5Qb2w,"[2] 파이썬 머신러닝 라이브러리(Scikit-learn) 기계학습 개념 정리하기 - 평가하기,  과적합과 과소적합  강좌",2019-05-04,5320.0,106.0,13.0,오늘코드todaycode
QO5vB7OkBCo,[1] 파이썬 머신러닝 라이브러리(Scikit-learn) 핵심 개발자의 슬라이드로 기계학습 개념 정리하기 튜토리얼 강좌,2019-05-03,6712.0,102.0,9.0,오늘코드todaycode
8tbF6kT9fZ8,[24/29] Pandas 기초 - 파이썬 데이터 시각화 히스토그램과 산점도를 보완한 Hexbin plot 그리기 튜토리얼,2019-04-26,1517.0,24.0,0.0,오늘코드todaycode
L_UXVLz5Sxw,"[19/29] Pandas 기초 - 파이썬 데이터 시각화 히스토그램과 도수분포표 이해하기, 막대그래프 vs 히스토그램 차이점 이해하기",2019-04-22,2605.0,31.0,0.0,오늘코드todaycode
YTAd1TmgPv0,[18/29] Pandas 기초 - 파이썬 데이터 시각화 판다스로 bar plot 막대그래프 그리기,2019-04-17,4149.0,47.0,7.0,오늘코드todaycode
Sq_uhK_GFIQ,[16/29] Pandas 기초 - 시계열 데이터(Time Series Data) 분석을 위한 판다스 Expanding and Rolling 이해하기,2019-04-08,5926.0,98.0,8.0,오늘코드todaycode
vbr4xrFEbyw,"[13/29] Pandas 기초 - 파이썬 판다스로 pd.concat([df1,df2]) 시리즈, 데이터프레임 합치기",2019-03-22,2864.0,44.0,6.0,오늘코드todaycode
mVr1OWLpI_M,"[12/29] Pandas 기초 - 파이썬  판다스 melt, pivot 으로 Tidy Data 만들기",2019-03-21,4378.0,59.0,1.0,오늘코드todaycode
CGEhwAd7Dbk,"[10/29] Pandas 기초 - 파이썬  판다스 assign 으로 새로운 컬럼 만들기, qcut으로 binning, bucketing 하기 튜토리얼 강의",2019-03-19,4346.0,49.0,1.0,오늘코드todaycode
0yjNRB5ljew,[8/29] Pandas 기초 - 파이썬 판다스로 apply 활용하기 lambda 익명함수 사용하기 튜토리얼 강의,2019-03-11,3888.0,55.0,3.0,오늘코드todaycode
D5ep0-slc6U,"[7/29] Pandas 기초 - 파이썬 판다스로 기본 통계 하기 value_counts, nunique, sum, count, mean, median 튜토리얼 강의",2019-03-11,7779.0,126.0,15.0,오늘코드todaycode
n0pysUeamzw,"[4/29] Pandas 기초 - Logic in Python (and pandas) and, or, not, xor, any, all 연산 이해하기 튜토리얼 강의",2019-03-06,8121.0,98.0,18.0,오늘코드todaycode
XS-eOEUZQKM,"[3/29] Pandas 기초 - 판다스 데이터프레임 비교연산자로 색인하기, drop_duplicates() 튜토리얼 강의",2019-03-05,9726.0,116.0,10.0,오늘코드todaycode
kdiO27ZuZJw,[2/29] Pandas 기초 - 판다스 데이터프레임 생성하고 데이터 가져오기 튜토리얼 강의,2019-03-04,14473.0,208.0,14.0,오늘코드todaycode
lspu830SzC8,"[1/29] 파이썬 데이터 분석을 위한 Pandas 기초 - 판다스 10분 완성소개, cheat sheet 보고 데이터프레임 만들어보기 튜토리얼",2019-03-03,44670.0,749.0,29.0,오늘코드todaycode
zXc_7CBp7Yk,"[13/13] 청와대 국민청원 데이터로 파이썬 자연어처리 입문하기 - 머신러닝 fit, predict, evaluate 학습, 예측, 평가하기",2019-03-02,1513.0,16.0,2.0,오늘코드todaycode
c4Pkho09yQ8,"[12/13] 청와대 국민청원 데이터로 파이썬 자연어처리 입문하기 - Bag of Word, TF-IDF 단어벡터화 및 가중치 적용",2019-03-01,1448.0,14.0,0.0,오늘코드todaycode
HIcXyyzefYQ,"[11/13] 청와대 국민청원 데이터로 파이썬 자연어처리 입문하기 - 정규표현식으로 데이터 전처리, 불용어 제거하기",2019-02-28,2362.0,23.0,0.0,오늘코드todaycode
6ILtHOwh5hU,[10/13] 청와대 국민청원 데이터로 파이썬 자연어처리 입문하기 - Pandas로 이상치(Outlier data) 구분하고 평균 투표수 구하기,2019-02-27,1179.0,7.0,0.0,오늘코드todaycode
wCBKK_wTC6I,[9/13] 청와대 국민청원 데이터로 파이썬 자연어처리 입문하기 - 기계학습 간단 소개,2019-02-26,1369.0,15.0,2.0,오늘코드todaycode
soZNooCYyXQ,[8/13] 청와대 국민청원 데이터로 파이썬 자연어처리 입문하기 - word2vec 으로 단어 유사도 보기,2019-02-25,1939.0,14.0,7.0,오늘코드todaycode
bAJW02Cmw1o,"[7/13] 청와대 국민청원 데이터로 파이썬 자연어처리 입문하기 - soynlp로 토큰화, 명사추출하기, 워드클라우드 그리기",2019-02-24,5210.0,46.0,8.0,오늘코드todaycode
LpuGu3X4fI0,[6/13] 청와대 국민청원 데이터로 파이썬 자연어처리 입문하기 - 시각화,2019-02-23,2020.0,24.0,9.0,오늘코드todaycode
u3l_0VVlQsE,[5/13] 청와대 국민청원 데이터로 파이썬 자연어처리 입문하기 - 청원기간 구하기,2019-02-22,1782.0,17.0,10.0,오늘코드todaycode
-Q8eDFR8v_Y,"[4/13] 청와대 국민청원 데이터로 파이썬 자연어처리 입문하기 - Pandas의 info, describe 로 데이터 요약하기",2019-02-21,2161.0,15.0,7.0,오늘코드todaycode
klXiWhB63Co,[3/13] 청와대 국민청원 데이터로 파이썬 자연어처리 입문하기 - 데이터 미리보기,2019-02-20,3273.0,29.0,18.0,오늘코드todaycode
GCJbyMgIpuI,[2/13] 청와대 국민청원 데이터로 파이썬 자연어처리 입문하기 - 분석도구 소개,2019-02-19,3937.0,45.0,6.0,오늘코드todaycode
9QW7QL8fvv0,[1/13] 청와대 국민청원 데이터로 파이썬 자연어처리 입문하기,2019-02-18,8914.0,124.0,31.0,오늘코드todaycode
hH9yEjQgImc,오늘코드 영상을 어디부터 봐야할까요?,2019-02-17,6727.0,159.0,19.0,오늘코드todaycode
FLzfPZ3tOSU,[7/7] Python Developers Survey 2018 - 한국 응답자는 어디에 파이썬을 주로 사용할까? Pandas의 transpose로 축 변경하기,2019-02-17,260.0,4.0,0.0,오늘코드todaycode
xp2uuvWCqoE,[6/7] Python Developers Survey 2018 - 취업상태와 파이썬을 주로 어디에 사용하는지 Pandas의 value_count 로 봅니다.,2019-02-15,320.0,6.0,0.0,오늘코드todaycode
njWUIxdVbiU,[5/7] Python Developers Survey 2018 - data slicing 으로 데이터 나눠보기,2019-02-14,96.0,2.0,0.0,오늘코드todaycode
I2h8GEzc5FA,"[4/7] Python Developers Survey 2018 - missingno로 결측치 보기, pandas의 isnull, notnull 활용하기",2019-02-13,221.0,2.0,0.0,오늘코드todaycode
yJdqiZ67aYg,[3/7] Python Developers Survey 2018 - PyDrive로 Colaboratory 에서 csv 데이터 로드하기,2019-02-12,392.0,3.0,2.0,오늘코드todaycode
d-t07DLx5UM,[2/7] Python Developers Survey 2018 Results,2019-02-11,159.0,3.0,0.0,오늘코드todaycode
YZ6JXPpq5Sw,[1/7] Python Developers Survey 2018 Results,2019-02-10,265.0,14.0,0.0,오늘코드todaycode
IwxbRP3mlTU,[7/7] Pandas의 pivot_table로 구한 데이터를 Folium의 CircleMaker로 매장수 크기를 반영해 그리기,2019-02-09,2163.0,31.0,17.0,오늘코드todaycode
WzIoHvdolas,[4/7] 서울 구별 스타벅스 매장 분포와 밀집도를 GeoJSON을 활용하여  folium의 choropleth 와 CircleMarker 로 표현하기,2019-02-06,3932.0,36.0,6.0,오늘코드todaycode
P3Hr_fvN980,"[2/7] Pandas의 groupby를 활용해 구별 스타벅스, 이디야 매장수 비교",2019-02-04,3216.0,44.0,4.0,오늘코드todaycode
PR1WeCdFWvg,"[1/7] Python, Pandas,  folium으로 스타벅스, 이디야 매장 위치 분석하기",2019-02-02,23961.0,401.0,36.0,오늘코드todaycode
9MWrff5Hr2w,[3/4] 배스킨라빈스와 던킨도너츠 위치분석 - Pandas의 str.contains 로 상호명을 전처리하고 folium.Map과 Marker를 활용하기,2019-02-01,2579.0,27.0,18.0,오늘코드todaycode
sV4tbUUHp7Y,"[1/4] 파이썬 Pandas pd.read_csv로 파일 불러오기, shape로 요약보기, str.contains 로 특정 상호가져오기",2019-02-01,4169.0,28.0,11.0,오늘코드todaycode
XF1_4RCRsGA,"[2/3] 파이썬 공공데이터 분석 - 상가(상권)정보로 위경도 정보 활용하기,  판다스로 결측치 분석하기,  ggplot 문법으로 시각화하기",2019-02-01,2907.0,32.0,2.0,오늘코드todaycode
jAQp0CpNvKc,"[1/3] 파이썬 공공데이터 분석 - 상가(상권)정보로 위경도 정보 활용하기, 판다스로 데이터 로드하기 미리보기",2019-02-01,6402.0,82.0,14.0,오늘코드todaycode
8UKd5xIV2zU,[2/2] Colab에서 matplotlib 한글폰트 사용하기 - 노트북 사본 생성 방법,2019-01-30,394.0,8.0,2.0,오늘코드todaycode
XfLZH7-1pcM,[1/2] Colab에서 matplotlib 한글폰트 사용하기,2019-01-30,2111.0,21.0,10.0,오늘코드todaycode
3KqdNNJ-20Y,같은 통계 수치를 가지는 데이터를 시각화한다면? - 앤스콤의 사인방,2019-01-29,577.0,15.0,0.0,오늘코드todaycode
xXVVKCLIie0,판다스에서 파일경로 확인과 불러오기 (FileNotFoundError 오류 해결하기),2019-01-03,6184.0,62.0,23.0,오늘코드todaycode
qbfCXbWMYXY,[2/5] 파이썬 데이터 분석 - 주소 및 사용하지 않는 컬럼 결측치 처리,2018-12-20,4544.0,41.0,22.0,오늘코드todaycode
uJ6QO6jLBWA,"[1/5] 파이썬 데이터 분석 - 전국 도시 공원 표준 데이터 불러오기, 요약하기",2018-12-20,18348.0,232.0,20.0,오늘코드todaycode
ULBbfLBJIoc,시민데이터랩1기(파이썬 반) 2주차 서울시 공공자전거 따릉이 대여이력 분석,2018-12-19,1539.0,21.0,4.0,오늘코드todaycode
rNk6eRtdE6o,시민데이터랩1기(파이썬 반) 3주차 업무추진비로 서울시청 인근 맛집 찾기,2018-12-19,1019.0,17.0,3.0,오늘코드todaycode
qRoiVeA2PtE,시민데이터랩1기(파이썬 반) 3주차 신규 민간 아파트 분양가 분석,2018-12-18,1988.0,12.0,6.0,오늘코드todaycode
C0Iyp5QUtxE,파이썬 공공데이터 분석[6/6] - Pandas의 concat으로 데이터 합치고 boxplot 그리기,2018-11-09,2668.0,27.0,5.0,오늘코드todaycode
KtVUrw3B8KQ,파이썬 공공데이터 분석[4/6] - 파이썬에서 ggplot 문법을 사용해 시각화 하기,2018-11-09,4782.0,55.0,7.0,오늘코드todaycode
ddSR4xAjAww,파이썬 공공데이터 분석[2/6] - Pandas로 데이터 불러오고 요약하기,2018-11-09,14075.0,165.0,33.0,오늘코드todaycode
H6-Y-sipgCk,파이썬 공공데이터 분석[1/6] - 신규 민간 아파트 분양가격 데이터셋 소개,2018-11-09,27890.0,321.0,35.0,오늘코드todaycode
XLnkf7d71_4,"구글 머신러닝 단기집중과정 - 텐서플로우(TensorFlow)의 텐서(스칼라, 벡터, 행렬, 텐서), 연산, 그래프, 세션 이해하기",2018-03-26,6161.0,72.0,9.0,오늘코드todaycode
MOdFvqO7qzc,"구글 머신러닝 단기집중과정 - 텐서플로우(TensorFlow)로 Hello World 찍어보기, Colaboratory 단축키 사용하기",2018-03-23,3672.0,35.0,2.0,오늘코드todaycode
wDTI9QXwwwc,"구글 머신러닝 단기집중과정 - Pandas(4/4) Index, ReIndex",2018-03-20,1717.0,13.0,4.0,오늘코드todaycode
NUyypQjSRzw,"구글 머신러닝 단기집중과정 - Pandas(2/4) CSV 파일 읽어오기, 데이터 접근하기",2018-03-14,4581.0,53.0,1.0,오늘코드todaycode
CIdY2IZ5sE4,구글 머신러닝 단기집중과정 - Pandas(1/4) Series와 DataFrame 이해하기,2018-03-14,7176.0,116.0,5.0,오늘코드todaycode
IOxZwHlomx4,구글 머신러닝 단기집중과정 소개,2018-03-14,7217.0,143.0,14.0,오늘코드todaycode
UKujX90xLHo,[Colab] 텐서플로우 백엔드를 사용해서 케라스 상에서 무료 GPU를 사용하는 방법을 알아봅니다.,2018-03-05,3131.0,40.0,11.0,오늘코드todaycode
qRWO-OMCMMM,"범주형 데이터 다루기 - 원핫인코딩(2/2) 타이타닉 데이터를 통해 사이킷런, 판다스로 one-hot-encoding 하기",2018-02-28,3409.0,45.0,7.0,오늘코드todaycode
7cofy5fmoNM,"범주형 데이터 다루기 - 원핫인코딩(1/2) 머신러닝, 딥러닝 알고리즘이 이해할 수 있도록 데이터 전처리 하기",2018-02-28,7759.0,101.0,12.0,오늘코드todaycode
UnXXH72-ENc,[JupyterLab] (2/2)주피터 노트북의 진화! 주피터랩 설치하고 사용해 보기,2018-02-23,10598.0,94.0,8.0,오늘코드todaycode
70sRgL42c1w,[JupyterLab] (1/2)주피터 노트북의 진화! 주피터랩 살펴보기,2018-02-23,15183.0,148.0,8.0,오늘코드todaycode
GCJQ9zbAhPo,"[Colab] 구글 드라이브의 Colabortory를 통해 파이썬 데이터 시각화툴(Matplotlib, Seaborn, Altair, Plotly, bokeh) 사용하기",2018-02-19,5619.0,87.0,11.0,오늘코드todaycode
XRBXMohjQos,[Colab] 무료 GPU로 파이썬 노트북을 사용할 수 있는 google Drive Colaboratory 소개,2018-02-18,12109.0,197.0,20.0,오늘코드todaycode
Dhwmd_IyW3g,"[튜토리얼 번외](2/2) XGBoost 소개, 캐글 우승자 인터뷰 소개, 부스팅 알고리즘을 사용해서 점수를 올려보기 - 머신러닝 NLP",2018-02-04,7068.0,123.0,1.0,오늘코드todaycode
fWYRrFCKJro,캐글 공식 API를 통해 다양한 머신러닝/딥러닝 데이터셋을 내려받고  서브미션 파일을 제출하는 과정을 알아봅니다.,2018-02-03,3459.0,41.0,12.0,오늘코드todaycode
jt3abNIA8P0,[NLP 2](1/3) 딥러닝 기법인 Word2Vec 소개 - IMDB 영화 리뷰  분석 캐글 머신러닝,2018-01-18,9360.0,99.0,9.0,오늘코드todaycode
NFp8YZ7YkKU,"[NLP 1](2/4) 텍스트 데이터 전처리, 워드클라우드(WordCloud)로 데이터 시각화  BOW(bag of words) - 캐글 IMDB 영화 리뷰 분석",2018-01-18,10516.0,121.0,17.0,오늘코드todaycode
uuzOoPSqNkQ,[NLP 1](1/4) IMDB 영화 리뷰 튜토리얼 판다스(Pandas)로 데이터 읽어오기 - 캐글 머신러닝(기계학습),2018-01-18,5107.0,51.0,5.0,오늘코드todaycode
5D9742ID4XI,Word2Vec을 사용한 영화리뷰 분석 튜토리얼 소개 - 캐글 머신러닝 자연어처리 NLP,2018-01-04,15749.0,141.0,10.0,오늘코드todaycode
kjInASI9GGE,MAC OSX에서 NLTK data 설치하기,2017-12-11,1953.0,11.0,1.0,오늘코드todaycode
g7EwIFXJntc,자전거 수요 예측[3/4] 캐글 머신러닝 랜덤포레스트만으로 경진대회에 참여하기,2017-12-04,14429.0,146.0,42.0,오늘코드todaycode
95fCw-n5uWM,자전거 수요 예측[2/4] 캐글 머신러닝 사이킷런 랜덤포레스트 RMSLE 소개,2017-12-04,15748.0,214.0,15.0,오늘코드todaycode
Q_MbN-vu_2w,자전거 수요 예측[1/4] 캐글 머신러닝 탐색적 데이터 분석,2017-11-29,39508.0,579.0,50.0,오늘코드todaycode
yUImPXmYO7M,MAC OSX에서 파이썬 한국어 자연어 처리 도구인 KoNLPy 설치하기,2017-11-22,7681.0,37.0,11.0,오늘코드todaycode
S5N3LjhkcDs,파이썬 데이터 시각화 툴인 Matplotlib에서 한글폰트 사용하는 방법,2017-11-20,12218.0,94.0,21.0,오늘코드todaycode
I5iNG4M533c,(4/4) 캐글 설문조사 - 데이터 사이언스 머신러닝 분야의 커리어에 관련된 응답 분석,2017-11-17,1668.0,28.0,10.0,오늘코드todaycode
2C7wtfqulx8,"(3/4) 캐글설문조사 matplotlib의 subplots() 사용법, seaborn으로 count, box, distplot 그려보기",2017-11-17,1943.0,20.0,2.0,오늘코드todaycode
p3msv18FIyQ,"(2/4) 캐글 설문조사 - Pandas의 DataFrame사용하기, seaborn과 matplotlib으로,  캐글러의 데이터과학/머신러닝 공부방법을 분석해 봅니다.",2017-11-17,3076.0,28.0,3.0,오늘코드todaycode
5hzB54yFvnw,(1/4) 캐글러를 대상으로 데이터과학과 머신러닝에 대한 설문조사의 응답을 파이썬 데이터 시각화 툴로 분석해 봅니다.,2017-11-17,8048.0,83.0,9.0,오늘코드todaycode
VNOYpNItpdI,머신러닝과 데이터사이언스 경진대회 플랫폼인 캐글을 소개합니다.,2017-11-17,17491.0,213.0,15.0,오늘코드todaycode
