comment,author,datetime,like_count
"- 김달 에세이<br>📖 헤맨다고 모두 길을 잃는 것은 아니다<br><br>(교보문고) <a href=""https://bit.ly/3Bwtn44"">https://bit.ly/3Bwtn44</a><br>(예스24) <a href=""https://bit.ly/3wYxcvo"">https://bit.ly/3wYxcvo</a><br>(알라딘) <a href=""https://bit.ly/3iu7NEo"">https://bit.ly/3iu7NEo</a><br>(인터파크) <a href=""https://bit.ly/3rqhOXz"">https://bit.ly/3rqhOXz</a><br><br>📖 사랑한다고 상처를 허락하지 말 것<br><br>(교보문고) <a href=""https://bit.ly/2y0L7bA"">https://bit.ly/2y0L7bA</a><br><br>(yes24) <a href=""https://bit.ly/3c576g4"">https://bit.ly/3c576g4</a><br><br>📖 쓰레기처럼 사랑하라<br><br>(통합링크) <a href=""http://bit.ly/2JaNxrm"">http://bit.ly/2JaNxrm</a><br><br>- 인스타그램<br><a href=""https://www.instagram.com/u12486"">https://www.instagram.com/u12486</a>",김달,2022-10-02T11:58:41Z,29
"내가 잘못했을 땐 변명, 설명 없이 사과하고<br>상대방을 기다려주는 게 역시 깔끔하네요.<br>그 후엔 달님이 여러 영상에서 자주 강조하신<br>‘상대방을 미안하게 만들기’ 작전~😊",S C,2022-10-02T13:22:37Z,213
진짜 너무 맞는 말 같아요ㅠㅋㅋㅋㅋㅋ<br>남자친구는 늘 싸우고 나서 자연스럽게 다른 얘기로 주제를 돌리거나 부드럽게 넘기는 걸 좋아하고 저는 늘 잘못한 부분을 짚고 사과 하고 서운한 걸 다 털어버려야 마음이 풀리는 스타일이라서 이것 때문에 초반에 진짜 환장하게 싸웠는데ㅠㅋㅋㅋㅋ 저는 무슨 제대로 된 화해도 안 했는데 왜 자꾸 다른 얘기로 얼렁뚱땅 넘어가려는 거냐고 화내고 남자친구는 뭐 이러다가 언제까지 싸울 작정이냐고 꼭 화해를 해야 화해냐고 화내고.. 처음엔 이해가 안돼서 진짜 짜증나고 답답했는데 이제는 그냥 서로 잘못했을 때 미안하다고 하고 난 후에 밥 먹었어? 퇴근했어? 이런 얘기로 얼른 그 분위기를 넘기는 게 저도 편해졌어요..ㅎ 꼭 제대로 된 사과를 받고 화해라는 걸 하는 것 보다 어떤 방식이든 우리 사이에 평화가 빨리 찾아오는 게 화해라고 생각해요 ☺️<br><br>+그리고 어차피 연애는 진짜 이해한다고 해결 되는 문제는 거의 없고 늘 상대 그대로 받아들여야 해결이 되더라구요ㅠ 그래서 그냥 모든 걸 받아들여요 이 사람의 화해하는 방식은 이렇구나 내 사과를 한 번 더 듣고 싶고 확인 받고 싶어서 일부러 틱틱 거리는거구나 하구요 처음엔 내가 먼저 사과를 해도 안 받고 되려 띠껍다고? 진짜 미친x이야..? 하면서 엄청 열 받았었는데 다 받아들이고 나니까 이제는 화 안나요!! 뭐 이런 부분에서는 남자친구가 좀 어리고 미성숙 해 보일수도 있겠지만 다른 부분에서는 남자친구의 성숙한 면들도 훨씬 많으니까요!! 완벽한 사람은 세상에 절대 없어요 😀,Choi,2022-10-02T13:31:40Z,406
"아!! 저 얼마전에 그런적 있었어요.<br>오해가 생겨 풀고싶어서 얘기 좀 하자고 했다가 오히려 ‘내가 뭘 어쨌다고 이러냐’ 며 ‘대체 왜 이러냐’ 고 해서 아주 당황스러웠었는데,,,, 오늘 달님의 영상을 보니 이해가 되네요. 감사해요~~~~",현아 구,2022-10-02T14:31:11Z,54
"여러번의 다른 연애를 반복해 본 결과, 남자는 이렇고 여자는 이렇고를 떠나서 문제를 해결하는 속도와 방식이 같은 사람들이 만나는 게 가장 좋은 것 같아요. 한쪽은 쿨다운할 시간이 필요하고 한쪽은 즉각대응을 해야하는 성격이면 갈등은 증폭되더라구요. 성별을 떠나서요 ㅎㅎ",Heuristics,2022-10-02T14:03:10Z,260
와 김달님 요즘 제일 고민하던 거리인데 이렇게 알고리즘에 딱 떠버리네요 ㄷㄷ 검색따로한적도 없는데 딱 이 시기에 이 주제를 다뤄주셔서 감사해요😢,zzzzy,2022-10-02T15:30:03Z,37
두수물러나지못해서 헤어져버렸네요<br>달님말씀처럼 한번 더참는게쉽지않았어요ㅠ,young,2022-10-02T13:24:52Z,12
"저랑 제 남자친구는 완전 반대.. 남자친구가 오히려 화해하자고 하는 입장이고 전 아직 감정이 처리가 안 돼서 좀 기다려달라는 입장… 근데 또 새삼 남자친구한테 고맙긴 하네요 제 남자친구는 제가 미안하다고 하면 바로 풀리는 스타일.. 진짜 너무 신기해요 그렇게 바로 감정이 가라앉는(?)게,, 물어봐도 그냥 자기는 저한테 화가 난 적이 거의 없고 저 때문에 기분이 좀 안 좋았다해도 제가 사과하는 게 진심이 느껴지면 그냥 그마저도 사라진다고 하더라고요.. 저랑 진짜 너무 달라서 이상한 것(?) 같기도 하고 신기하기도 하고 고맙기도 하고 암튼 그래요 ㅋㅋㅋㅋㅋㅋㅋ",길리안 초콜레뜨,2022-10-02T15:54:06Z,23
와... 혹시 이거 남자 버전도 있나요??<br>여자친구와 싸웠을 때 현명하게 대처하고 화해하는 남자 편 있을까요??,냥무룩,2022-10-02T13:34:21Z,18
이번 사연 진짜 공감가네요ㅋㅋ 남자 특성이 사실 딱 저렇습니다. 한 예로 어릴때 친구랑 치고박고 싸운 뒤에 대화로 사과하고 다시 친해지는 경우 거의 없어요. 그냥 얼렁뚱땅 서먹하게 있다가 축구나 게임 한 판하면 저절로 풀려서 다시 친구 되있음ㅋㅋㅋㅋ,않잌,2022-10-02T17:39:39Z,56
반대로 남자친구에게 서운함을 느낄 때<br>얘기좀하자고 분위기 잡지않고 얘기하려면<br>어떻게 해야할까요..? ㅠㅠ,둥근,2022-10-02T14:39:52Z,22
김달님 구독자  80만 달성 축하드립니다 🎉❤,윤thㅓ,2022-10-02T13:03:04Z,63
"대충 미안하다고 하면 더 악화됩니다.<br>사소한 실수로 인한 싸움이 아니라면<br>스스로 어떠한 잘못을 인지하고 있는지를 <br>정확하게 밝히고,<br>앞으로 어떻게 안 하겠다는 해결책까지<br>제시하면서 화풀리면 연락해줘라고<br>하시면 가장 좋지 않을까 싶네요..!!!",sdf lksdfngbf,2022-10-02T13:21:05Z,173
"저도 연애 하면서 이번 연애가 제일 많이 싸워서 어질어질하고 또 더 끈끈해지는 계기가 된 것 같은데, 정말 영상 말씀대로 똑같은 일 많이 겪었어요. 전 평소 성격도 급한편이고 다투면 빨리 풀고 싶은 스타일이라 곧바로 대화하자. 나랑 안풀거야? 이랬고 남자친구는 응 대화안해 당장 집에 가. 등 이런 모진말들로 꽤 상처를 받았어요. 다툴때 가끔  엄마랑 이야기를 나누는데 남자는 다뤄야한다, 빨리 재촉하는 사람이 지는거고 그 친구도 생각할 시간이 필요하니까 잘못한건 바로 사과하고 상대가 연락 올때까지 인내를 갖고 기다려야한다고 그러시더군요,,, 음 여자 남자가 많이 다르기도 다르고 각자의 성격, 성향 , 가치관이 다 다르기에 조금은 내려놓고 포용하려고 노력해요.",동동,2022-10-02T14:03:35Z,20
신혼 초 때 남편이 저한테 서운한 일이 있었는데  한시간 정도 아무 말도 안 하다가 거실에서 우연히(?) 마주쳤거든요<br>그 타이밍에 왜 서운했는지 알 거 같다 미안하다 이러니까 남편이 생각보다 바로 풀리더라고요<br>반대로 제가 서운하거나 화가 나면 저희끼리 쿨타임 가지다가 나중에 남편이 사과하고 ..그러면 저도 금방 풀려요 (단순한 인간들)<br>너무 딥하게 해결하려다 오히려 역효과 날 수 있으니 다들 능구렁이 한마리 정도는 장착하셔도 된다고 봅니다 ㅋㅋ,Lunadann,2022-10-03T04:52:24Z,5
화해하려 하지 말라는 말 포인트 진짜 극공감<br>ㅋㅋㅋㅋㅋ<br>제 남자친구는 본인 실수로 잘못하면<br>미안하다고 말하고 그 이후로는 대화 주제를 돌려버려서 다시 평화로운 일상을 탐내는 패턴이더라구요 <br>첨엔 못마땅했는데 얘는 이게 편한갑다 하고 냅두니 이전에 있었던 2차전 없이 끝나요<br>같은 이유로 또 싸울 것 같다고 생각하고 잘 풀어보자 대화의 장을 만들어도 어차피 똑같은 걸로 또 싸우게 되는게 국룰인건지 차라리 그냥 서로 미안해 하고 끝내거나 말 돌릴때 거기에만 맞장구 치는게 오히려 나은 것 같아요,gogo mang,2022-10-03T17:57:06Z,2
와 나 예전까지 &quot;어제 이래서 미안해&quot; 이러는데 김달님 처럼 남친은 띠껍게 반응함  근데 얼마전에 내가 그냥 &quot;미안해 화 풀리고 연락해&quot; 이러니까 다음 날 사과하러 오더라,키미,2022-10-02T13:36:46Z,13
김달님은 어떻게 항상 정답을 알고 있죠😮<br>대단하세요.. 아 그리고 80만 구독 축하드려요🎉,나쵸,2022-10-02T14:03:35Z,7
자존심 서로 안세우면 되는데 쉽지않지 ㅠㅠ,이양,2022-10-02T13:52:29Z,23
김달님 말씀이 맞아요~우리오빠랑 저랑싸울때도 띠껍께나올때 땍땍거리면 2차전되고 숙이고 들어가면 화해가 되는듯ㅋㅋ남자는단순하면서 어렵네요ㅋㅋㅋㅋ이런젠장<br>사랑이 뭐길래~~그래도 다들 이뿐사랑하세요♡♡,빵꾸똥꾸,2022-10-02T13:12:17Z,19
"남자들이 꼬여있는걸 왜 여자보고 걍 받아들이래? 사회생활에서도 그러나?? 회사에서 문제있어서 누구씨, 저랑 얘기좀 하시죠 이러면 아 남자는 원래 그런 동물이라서요, 받아들이시죠 이러냐고. 문제가 있어서 해결하자는거고, 미안하니까 사과하는건데 지들이 말하기 싫어하고 꼬여있는걸 왜 정상으로 치부하지? 확실히 문제있음 제대로된 남자들은 안그럼",Jeongwoo Kim,2022-10-02T15:56:43Z,118
ㅋㅋㅋ 와 ㅋㅋ 이래서 김달님영상만 보게되네요😂😂 어쩜 저렇게 잘아시는지.... 저희커플이야기가 다 영상화되있는거같아서 하 ㅋㅋ 진작알았으면 덜싸웠었을텐데 ㅋㅋㅋㅋㅋㅋㅋㅋ 남자가 제가 요구하는걸 잘 안들어주는건 왜그러는걸까요 ㅋㅋㅋ 청개구리심보일까요 😅😅,Sujin Kim,2022-10-02T13:36:27Z,5
80만 추카추카 🎉🎉🎉🎉,벼락이한수,2022-10-02T13:08:04Z,37
솔직히 저같은 경우엔 싸우는 패턴이 남친이 먼저 기분나쁘게 해서 제가 뭐라고 하면 남친이 오히려 삐져서 토라지고 제가 달래줘야해요 ㅋㅋㅋㅋ <br>그럴 때 이미 제가 기분 나쁜 상황에서 풀자 해결하자 하는 마당에 남자친구가 토라져서 띠껍게 말하면 진짜 화나는거같아요... <br>제 입장에서 성인인데 분노의 표출이 아이처럼 삐져있다는것부터 마이너스인데. 일부러 상처주는 말을 하는건 어리석고 상대에 대한 배려가 아니라고 생각해요. <br>나는 그런말을 일부러 안하려고 피해서 애쓰는데 남자는 이래라고 그 행동을 봐주라고 하는건 좀 아니라고 생각합니다... <br>그럴 때는 바로 나는 이런말 안하려고 노력하는데 너가 빈말이든 아니든 상대한테 그런말을 하는건 예의가 아니라고 생각하는데. 하거든요.<br>그래도 제가 열심히 이건이래서 이렇게 느꼈고 너의 행동은 이런 행동이 반복돼서 내가 힘들고 지쳐 너도 이런이런 상황이 계속 반복되면 힘들잖아 설명해주면 엄청 미안해하긴하는데 이건 남성들의 특징일까 이 친구의 특성일까 아리까리 합니다...,채채,2022-10-02T13:44:07Z,58
"<a href=""https://www.youtube.com/watch?v=zf2IsXjCnyY&amp;t=4m39s"">4:39</a>부터 나오는 말들 진짜 소름........ㅋㅋㅋㅋㅋㅋㅋㅋㅋㅋㅋㅋㅋㅋㅋㅋㅋㅋㅋㅋ 띠꺼워하는 남친반응<br>듣고 그냥 참고 넘어갔는데 그 좀 이후에 휘리릭 풀리긴 했어요! 그때 넘어가길 잘했네요😂",mr d,2022-10-03T00:18:08Z,9
김투더달투더님 주말잘보내세용❤️<br>환절기감기조심하시고요 ㅎㅎ,강현정,2022-10-02T13:49:14Z,3
"제 상황이랑 너무 똑같아서 소름 돋았어요,, 풀려고 대화좀 하자구 하면 영상에서 나온 대사 토씨하나 안틀리고 똑같아요. 늘 남친이 푸는 방식은 걍 시간 지나면 은근 장난걸고 씩 웃고 그게 본인은 푸는 방법이라는데 저는 너무 싫어요, 난 기분이 나쁜 상태고 본인이 뱉은 말에 상처받았는데 그거에 대해 미안함을 보이지 않는게 내가 상처받는다는걸 모르는건가 싶고 남자들의 대부분이 저런 생각이고.. 그걸 받아줘야 한다니 버겁네요..",뮤뮤,2022-10-02T16:38:07Z,106
저는 짚고 넘어가야 하는 스타일... 왜냐면 같은 걸로 또 기분상하기 싫거든요. 확실하게 문제점을 서로 파악해야 반복이 안된다고 생각해요ㅎㅎ<br>그리고 이런 점이 서로 맞는 사람이어야 가능하기도 하고요. 다행히 지금 남친은 잘 들어주고 말해주려 노력하는 편입니다.,화난고양이,2022-10-02T13:37:26Z,102
이번 영상 진짜 공감되네요ㅋㅋㅋㅋㅋ  남자친구가 확실히 싸우고서 당장 그얘기 하는거 되게 싫어하더라고요. 그래서 싸우고서 당장은 일단 아무일 없듯이 서로 대해주고 나중에 기분 풀리고 아무감정없이 얘기할수있을때 제가 운을 띄울테니 그때는 얘기 하자고 합의(?)를 봤었네요.  만약 서로 상황적으로 안맞았다거나  오해로 인해서 싸운 상황이면은 싸운 당시 상황은 얘기를 해야 풀릴테니까요 <br> 그래도 제가 후에 얘기를 꺼낼만큼  이해가 안될만한거로 싸움이 난적은 없어서 다행히 아직은 그래본적은 없네요.ㅎㅎ,강호동,2022-10-03T15:45:36Z,3
김달형 진짜 잘파악한다 모든남자들의 심리를 … <br>여성분들 이거 백프로되니까 써먹어봐여 정말 <br>김달형이 뭔가 다알려주고있는거 같아서 무서움,나심비,2022-10-02T13:12:39Z,79
80만 축하해요<br>따복따복 가봅시다~,전선희,2022-10-02T14:20:43Z,3
"김달은 인류학박사인게 분명해,,,",LU,2022-10-02T16:56:27Z,13
이래서 싸움이 길어졌구나....명쾌하네요,황미뇽,2022-10-02T13:16:28Z,10
여자분도 아니신뎈ㅋㅋㅋㅋㅋ어쩜이리 잘아시나욬ㅋㅋㅋㅋㅋ싸우는 패턴과 남자친구 반응이 너무 소름이네요ㅠㅠㅠㅠ역시 나중에 볼 동영상으로 담아놓깅 잘했어요…,쑤쑤,2022-10-03T08:18:22Z,1
"대화 좀 해. 라는 게 내 상황을 빨리 해결하고 싶어. 라는 의미같기도 합니다 ㅋㅋㅋ<br>상황에 따라 잘못된 판단일 수 있겠다는 생각이 드네요. 대화 좀 해 = 내 생각, 입장, 상황을 해결하고 싶다.",깜장이,2022-10-02T13:07:21Z,31
여자가 자존심까지 굽혀가면서 대화하자고 먼저 손을 내밀었는데 대화를 거부하는 남자를 왜 만나주고 계신가요.<br>그런 남자와 사귀어주지 마세요. 똥차 가고 벤츠 옵니다.<br>(아싸! 이렇게 또 한 쌍의 커플 헤어지게 만들었다^^),송상후,2022-10-02T13:46:02Z,58
내 기준에서 내가 뭘 잘못했는지 몰라서 미안하다는 말을 못하겠을때는 어떻게 해야 맞는건가요? 정말 어렵네요..😂 싸우면 상대는 시간이 필요하고 저는 하루를 넘기면 안되는데.. 아주 대환장파티네요 하ㅠㅠ,챈챈,2022-10-02T13:09:28Z,26
저는 정반대에요ㅋㅋㅋㅋ<br>저는 얼렁뚱땅 넘어가고 상황이 되면 그때 이야기를 하고 싶은데 남자친구는 하나하나  다 짚고 나가야해요..진짜 너무 지쳐요,김채윤,2022-10-02T15:39:22Z,25
"대화를 시도했는데 저정도 반응이면 이미 상대방에 대한 불신이 가득한 거 아닐까요...?ㄷㄷ <br>대화방식은 성향따라 다른 것 같아요~<br>서로 대화가 되고 각자의 입장을 이해할 수 있는 사이라면 달님 방법도 좋을 것 같은데..<br>여자 입장에서는 얼렁뚱땅 넘어가면 내 기분도 안풀리고 갈등이 생길때마다 계속 이럴 것 같은 느낌..?때문에 지쳐가요. 차라리 생각을 정리하고나서 &#39;사과할 건 하고 내 기분이 어땠는지 설명하고, 앞으로 나도 이런부분 노력할테니 너도 이런 부분은 노력했음 좋겠다&#39; 명확히 결론지어야 서로에 대해 더 잘 알고 대화가 잘 되는지도 확인할 수 있을 것 같아요.",수씨,2022-10-02T16:45:48Z,11
근데 궁금한게 모든 싸움이 백퍼 한사람만 잘못해서 되는게 아닐수도 있는데 김달님 말씀하신건 여자쪽에서 누가봐도 더 많이 잘못한 경우를 말씀하신 것인지..? 화해를 위해 몇번 좋은의미로 영상처럼 두어번씩 굽히고 들어갈 수는 있는데 싸움이란게 한쪽만의 잘못이 명확하지 않은 경우가 많잖아요.. 나중에라도 남자쪽이 잘못한 점이나 섭섭했던 점을 어떻게라도 풀지 않으면 여러번 쌓이면 병날터인데.. 영상속의 조언은 이런부분은 다 남자들 본인들 속으론 알고 있다는걸 여자쪽에서 이해해야 한다는 의미인건지..? 😂,Jiwon Y,2022-10-02T17:48:55Z,6
꺜 편집 대박이네용 진짜 ㅎㅎ<br>80만 축하드려요~!!🎉<br>영상 잘 보고 있어요 감사합니당😆,J P,2022-10-02T14:15:52Z,7
초반에 늘 남친이 그냥 넘어갈 순 없냐고 해서 이제는 그냥 넘어가요~<br>근데 넘어가는 연습도 하는게<br>좋은거 같아요! 서로에게 모두요<br>가끔 못넘겨서 복통때문에 아무것도 못하긴 하지만😅😅😅<br>근데 계속 해보시면 이해할 수 있는 수준이면 사귀시는데 문제가 안되 실텐데<br>아니면 정 떨어지더라구요..!! 사랑하는 마음도 줄고 이해가 아니라 포기로 바뀌던데 해보시면서 관계를 정해보시면 좋을것 같아요,이수진,2022-10-02T23:18:05Z,2
달님 드디어  80만 달성이네요 축하드려용👍,송보람,2022-10-02T13:44:01Z,3
풀리면 연락하라니깐 일주일되도 감감무소식이길래 결국 내가 또 연락함. 매번 내가 풀어줘야하는데 습관인가..이번에 또 욱하면서 못해먹겠다고 뛰쳐나감ㅋ 난 뭘 잘못했는지 전혀 모르겠어서 걍 내비두고있는데(싸우던상황도아님)또 일주일ㅎ 니멋대로해라..이제 난 오든가말든가 반 포기상태 실망이 너무 큼. 매번 이러는거에 지치기도 지쳤고.,유카리,2022-10-02T13:33:09Z,321
4년반째 연애중인데 제가 남자친구를 소중하게 생각할수밖에 없는 이유가 저는 싸우면 갈등해결을 무조건 정면승부하는 스타일이었어서 연애하면 항상 힘들었는데<br>제 남자친구는 일단 싸우면 누가 잘못했던지간에 바로 먼저 사과해요<br>제가 먼저 사과할때는 화가 나있다가도 감정이 녹아내리듯 화를 풀고 먼저 사과해줘서 고맙다고하더라구요<br>제 성질을 누가 받아주나 했더니 짚신도 짝이 있었네요ㅋㅋ<br>이런게 누적되다보니 이제는 갈등해소하는게 두렵지않고 성질도 많이 죽더라구요 ㅋㅋㅋ,용마산호랑이,2022-10-03T12:05:46Z,1
"이거 진짜 공감,,, 지금 남자친구와 처음 싸울때 남자 입장에서는 내가 잘못한 일이였는데 서로의 생각차이을 이야기 하기도 하고 사과도 했는데 도통 풀릴기미가 안보여서 진짜 멘붕이였음,,, 난 내가 할 수 있는걸 다 한 상황이였고 이야기를 해보니 남자친구도 너무 화나 있는 상황이라 뭐든 안통할거 같아서 화나서 하는 말들 조곤조곤 그냥 들어주고 내 이야기는 그만하는게 나을거 같아서 그냥 전화끊었음,, 한 10분,,? 지나니까 먼저 화가 났지만 장난스럽게 톡이오고,, 30분 뒤에 먼저 전화와서 보니 화가 풀렸음,, 나중에도 이야기 하면서 그때 미안했다고 하더라고요,,ㅎㅎ",Dyu Du,2022-10-03T14:39:57Z,0
아직 끝까지 안 봤지만 사과하면 띠껍게(?) 반응하는거 진짜 진짜... 공감하고 갑니다.. 사람 사는거 다 비슷비슷하군요.. 난 풀려고 하는데 대체 왜 그러는거지? 하면서 늘 궁금했는데...,밍기적,2022-10-03T19:36:45Z,0
와 이거보고 공감하는게 저도 남친이랑 싸우고 하루정도 연락안하다가 제가먼저 미안하다고 하면 남친은 김달님 말처럼 띠껍게나옵니다ㅋ 본인도 잘한거없고 잘못햇지만 기분이아직그렇다면서ㅋㅋ그럼 기분풀리면 연락하라고 하고 냅두는데요 진짜 연락은 하루이상 안넘어가고 남친한테 먼저 옵니다 전 잘 하고있었군요 ㅋㅋ 제남친은 화나면 연락하지말라고 하는데 그러면 저는 진짜안하거든요 하루지나면 연락오더라고요ㅋㅋㅋ,최유빈,2022-10-02T14:06:23Z,20
와....우리 신랑이 딱 저러는데 미쳐 돌아버리는줄   ......저거 실제로 겪어보면 어지간한 성격 아니고선 진짜 입닫고 들어주기거 힘들더라구요..나도 화해를 하고싶은거지 화가 다 풀리진 않았는데. 상대가 띠껍게굴면 와 내가 접고들어가도 너는 너대로 뻐댄다 이거냐 이생각 딱 들면서 열받고 레알 2차전 시작..,소복소복,2022-10-03T06:29:07Z,7
"궁금한게 있는데 상대가 미안해 라고 할때 남자가 개띠껍게 하는건 상대가 여자친구라서 그런건가요,<br>아니면 일관성있게 부모 상사 직장동료 등 남녀노소 불문하고 상대가 사과를 하는거에 띠껍게 구는건가요?",뼝아리,2022-10-02T14:59:04Z,11
내가 어제 이러이러해서 미안하다고 사과를 하는데 <br>거기서 나도사실 이런점 미안했어<br>하면 끝나는 부분 아닌가요..ㅋㅋㅋ<br>여자든 남자든 서로 대화가 되는 수준이 티키타카로 되어야지 ;;<br>사과도 하고 내가 짜증내고 엄포놔도 한번 더 풀어줘!!<br>이거는... 좀.. 너무 어린 생각 or 더 싸우자는 것<br>이걸로 밖에 해석이 안 되는데요ㅠ<br>좋게좋게 가자구요ㅜㅠ 복잡하게 한번 더 참으라는 둥 어쩌자는 둥..,nj,2022-10-02T13:45:03Z,113
달님🌙 80만 축하 드립니다🎉🎉,G GOOD,2022-10-02T21:05:24Z,2
저도 남자이지만 정말 사랑하고 좋아하면 자존심 세우다가도 져주게 됍니다. 끝까지 자존심 세우는 남자는 거르는 게 답,최진영,2022-10-02T16:09:53Z,51
쇼파위에 티비 달린 집 부터 80만 유튜버 까지 김달도 고생 많았네,김달 패션지적 전문가,2022-10-02T13:20:36Z,63
"어제 사과 후 화 풀리면 연락 하라 했는데, 연락이 안 와서 오늘 다른 주제로 돌리며 연락 했다가 화 덜 풀렸다는 차가운 말 들은 1인😢",크림,2022-10-02T14:20:26Z,10
김달님. 80만 달성 축하드려요❤❤,댄스의 순정,2022-10-04T09:24:14Z,0
굳이 남자 입장 아니라도 여자도 그렇지 않나?<br>미안해 하고 바로 풀어지는 사람이 어딨오 <br>진짜 가볍게 사랑싸움 한거면 몰라도 <br>상대가 진심으로 사과하는게 맞는지 느끼기 전까지<br>틱틱 거릴수 있는거 같아요 여자도,리혜,2022-10-02T14:05:45Z,3
남자친구가 화가 나있는 상태에서 계속 미안하다고해도 안풀려서 답답해하고 있던 중에 김달님 영상보고 많은 도움이 됐습니다. 제가 잘 못한거 인정하고 미안하다고 해도 계속 상처주는 말만 돌아오길래 저도 ‘나도 이렇게 노력하는데 왜 자꾸 안풀려고하지?’라고 생각하며 답답했었거든요. 김달님 말처럼 한번 두번 세번 그냥 미안해미안해 하며 넘겼습니다. 그랬더니 자연스럽게 남자친구의 마음이 좀 풀리더라고요. 그래서 오늘은 같이 저녁도 먹고 기분이 나빴던 부분에 대해서도 자연스럽게 이야기하고 그냥 그렇게 좋게 풀렸네요. 예전 같으면 “내가 지금 미안하다고 했자나!!”라고 하며 같이 욱했을텐데..그냥 남녀 사이엔 자존심 싸움은 필요없는듯해요. 그 사람을 좋아하고 사랑하는 마음이 그 자존심 마저 없어지게 하는것같아요^^ 앞으로도 쭉~~~ 좋은 영상 부탁드려요^^,밝은별여사,2022-10-04T12:29:33Z,0
영상보고 계속 생각했는데 각자가 한발자국 물러설 필요가 있음. 여자가 한번 참고 넘어갔으면 성인이라면 그쪽도 투정부리지말고 한번 참아야하는게 맞는듯. 그게 성인의 자세인 것 같아요. 연애는 늘 행복하기 위해 하는 만큼 서로 의 자존심을 굽힐 땐 굽힐 줄 알아야해요. 지금 이 영상은 남자들의 진짜 속마음이죠. 하지만 연애에 있어서 누구 한쪽이 치우치게 잘못한게 아니라면 그 순간 서로 한발자국 물러서는 연습이 필요한 거 같아요. 그게 서로 행복한 연애를 하는 일이라 생각이 드네요ㅎㅎ,yungyung,2022-10-04T10:51:36Z,0
"어우 전 싸우다가 남친이 내일 연락할게,내일 연락하자라는 식으로 나오면 진짜 너무 화가 치밀어오르고 대화로 풀어야되는 성격이라 못 기다리겠더라고요,,",y j,2022-10-02T16:42:29Z,8
아... 공감된다...<br>속이 후련하네요<br>제일 싫어하는 말 ㅋㅋㅋ<br> - 얘기좀 해..<br>벌써 피가 말려요 ㅋㅋㅋ,권빛,2022-10-03T10:28:16Z,0
남자친구랑 싸우자마자 이 영상이 올라오네요ㅠㅠㅠ 정말 감사해요 도움됐어요 김달님,소윤,2022-10-03T08:35:20Z,0
"와 울남친은 미안하다고하면 바로 배시시 풀고, 문제를 본인이 짚어주눈 성향이에요. 그런 성향이 좋다고 은연중에 느꼈는데, 자세히 보니 고마운 거였네요 ㅎㅎ",김서진,2022-10-02T22:53:09Z,5
80만구독 축하드립니다💫🥳,윤 윤,2022-10-02T15:04:11Z,6
남동생 보유 경력 25년이 보기에 맞는 말입니당,SoHee Park,2022-10-02T15:41:39Z,4
진짜.... 감탄하면서 들었습니다.... 감사합니다,익선sun_shine,2022-10-02T17:56:29Z,1
근데 저런 상황에서 여자가 착하게 말했고 본인이 속이 좁다는 것을 인지는 하나요?,Kk ff,2022-10-02T14:34:38Z,14
"??이게뭔 헛소리야 요약하자면 남자들은 오글거리는거 못참으니까 그냥 너무 오바하지말고 은근슬쩍 넘어가주거나 모르는척 하세요 이건데 진짜ㅋㅋㅋ 얼마전에 이런 인간하고 부딫혀ㅛ는데 진짜 존나안맞아서 손절함 난 얘기안꺼내고 대충 넘어가면 개개개쌓이는 사람이라(대신 얘기하고 넘어가면 절대 뒷끝x 다시얘기안함) 안그런 남자하고 연애하겠음<br>이런 타입들 존나 비겁한거 아님? 야 거 묻어두고 그냥 넘어가 이게 진짜….ㅋㅋㅋ 소중한 사람이고 제대로 좋은 관계 만들어가고 싶으면 오글거려도 참고 직면할 용기를 내야지 ㅅㅂ<br>뭐 맨날 부부싸움 허벌나게 하고 대충 저녁에 치킨사와서 대화없이 처먹고 그걸로 푼셈 칠래? 진짜 존나 그런남자랑 살기싫다<br>아무말없이 부부싸움하고 다음날 갑자기 카톡으로 자기야 뭐먹고싶은거 있어? 사갈까? 하면 풀리는게 아니라 나같은 경우 더 화남 이새끼 어제싸운건 잊어버린건가 존나 우리 해야할 얘기가 아직 산더미일텐데 다 지워버리려고 하네 이거 나 지금 무시하는거여? 하고 분노 대폭발ㅇㅇ<br>아무말없이 스리슬쩍 넘어가는거 진짜 너무싫어하고 대극혐함 진짜 절대 이해안되고 해결안하고 넘기면 그이후에 그사람 볼때마다 그거 생각나고 찌증남… 그래서 무조건 풀어야됨<br>아니 ㅋㅋ그리고ㅋㅋㅋㅋㅋㅋㅋ 화해는 남녀가 같이하는거지 무슨 여자만 두번참고 넘어가줘? 진짜 너무 어이리스라서 ㅅㅂㅋㅋㅋㅋ<br>아무말 안하고 넘어가는거? 남이면 합니다 어차피 이래도 저래도 상관없는 인간 다시 안볼인간이면 그렇게함^^<br>얘기하고 고쳐나갈려는것도 에너지임. 내 소중한 에너지 써가면서 대화하려는건 그만큼 사랑하기 때문인거고.<br>대화요청하는 사람은 무슨 남친 괴롭히는거 좋아해서 괜히 열받게하려고 심심해서 그러는줄 암? 먼저 대화 요청하는것도 용기인데;; 나는 뭐 시간 넘쳐나서 종이에다가 내가할말,우리가 고쳤으면 하는 점 정리해서 요약해가지고 무슨말할지 고민하고있는줄 아나<br>우린 그걸 회피라고 부르기로 했어요",다니,2022-10-02T16:03:17Z,41
80만 축하해요~~~,김은진,2022-10-02T13:05:06Z,10
"저래케 했는데 연락안한다?그럼 정리하시면됩니다 !!!!! 혹시라도 일주일..한달..이렇게 연락없는남자를 기다리시는분들이있다면 그냥 거르라고 말씀드리고싶어요. 나한테 크게마음없는사람이니까요 달님이 얘기하시는 남자분들은 나에게 마음이 크고 나를 그래도 여전히 사랑하는 사람입니다. 저게 안먹힌다? 속좁은남자랑계속 지지고볶고해야된다는겁니다. 가장 최고는 싸웠지만서도 이 관계가 나빠질까 바로바로 금방 기분푸는 , 나의 기분을 더많이신경써주는남자를 만나는게 제일 베스트",랄라블라,2022-10-02T15:35:40Z,40
정말 공감된다 항상 이단계에서 너무 스트레스 받아서 그냥 잠수타다가 이별하는편....연애를 오래못하겠음,갱만,2022-10-02T17:41:38Z,0
"회피형이 답답할 수 있는데, 그만큼 회피형은 참는 역치가 높음. <br>상대는 계속 참아주면서 넘어가는 일을, 반대상황일때는 굳이 꺼내서 사과를 요구하는 것도 좀 민망하지 않나?",벽에끼인사람,2022-10-03T05:19:15Z,2
웃긴게 미안하다고할때까지기다리는거...그게싫어요 헤어졌어요ㅋㅋㅋ,김미애,2022-10-02T14:11:23Z,5
좀 소름돋았어요 이게 저는 남친은 아니고 얼마전에 친오빠랑 싸웠는데 반응이 달님이 말한거랑 진짜 똑같음...그때 되게 어리둥절했는데 싸움 커지는거 싫어서 일부러 이해가 안되는 내용인데 미안하다고 그랬었음 사실 내가 잘못한지도 모르긴 했는데 그렇게 말했더니 달님 말대로 또 띠껍게 굴어서 난 걍 그렇게 느끼는지 몰랐다 미안하다고 하니까 급 돌변해서 갑자기 자기가 예민했던거 같다고 미안하다고 함...이때 진짜 어리둥절함 갑자기 이렇게 풀린다고? 속으로 생각했는데 그리고는 갑자기 나중에 먹으라고 치킨기프티콘 보냄 졸지에 치킨 먹음 개꿀,휴에,2022-10-02T14:42:27Z,16
"와 역시 김달님👍 저도 완전 화해모드 과정을 겪고 화해하려다가 실패하고 제가 뭐때문에 서운했단 거를 전달하려했는데 전달도 안되고 받아들이지도 않더라구요. 계속 둘이서 화난 상태에다가 상대방도 막 나도 겪어보라며 저한테 모진말하고ㅠ 내 잘못은 인정하고 미안하다하니까 상대방도 잘못했다며, 잘못된걸 알면서도 모질게 굴었다며.. 결국 여자가 한수 더 미리 바라보고 대인배가 되어야하는걸까요 😂😂 아 진짜 싸우는거 넘 힘들어요 감정소모 체력소모 장난 아님 ㅠㅠ",혜혜,2022-10-03T16:23:02Z,0
이걸 말로 설명할 수 잇는 김달<br>그는 대다나다...,김문경,2022-10-03T01:11:30Z,0
무조건 짚고 넘어가는 스타일인데 얼렁뚱땅 무마하려는거 진짜 질색입니다 나중에 또 반복될거기때문입니다 무엇때문에 상황이 만들어졌는지를 본인도 정확한 잘못을 인지해야합니다,레먼츄릐,2022-10-02T14:14:18Z,61
우와 다들 연애랑 결혼 어떻게 하신 거에요?<br>저렇게까지 하면서 남자 만나고 싶지 않네요<br>정말 남자랑 여자는 다르네요<br>그냥 가벼운 만남이 정신건강에 좋은것 같기도 하네요<br>전 포기!,coldbrew,2022-10-02T14:25:29Z,23
"<a href=""https://www.youtube.com/watch?v=zf2IsXjCnyY&amp;t=4m38s"">4:38</a> 지가사과할땐 난 바로받아주는데 내가사과할땐 왜 바로안받아줘?이생각에 진짜 짜증났는데..거기서 한번더참기사실 엄청힘들더라구요ㅠ이제와서 생각해보면 보통 여자들은 바로풀길바라고 뭔가맘에안드는게있으면 바로 말하는편인데 남자들은 맘에안들어도 몇번은 참고넘기다가 반복되면 얘기하는편이라 그런거같아요 그래서 좀더시간이필요한거아닌가 싶네요ㅎㅎ딱달님이 말하시는거처럼 내가잘못한거 정리해서 미안하다고 보내고 괜찮아지면 연락달라고했더니 하루지나서 자기도 미안하다고 연락오더라구요!!<br>내가정말 잘못한거면 참고 받아줘보세요ㅎㅎ화해하고나서 살짝애교섞인 복수하면 또맘이풀리더라구요 ㅋㅋ🥳🥳",달하ღ,2022-10-02T18:35:37Z,2
달님 넘넘 고마워요 항상 신세지고 있어요,Hanna Lee,2022-10-03T10:19:03Z,0
교수님 80만 축하드립니다,지회 허,2022-10-03T14:55:03Z,0
만약 어떤 사건으로 인해 싸움이나 다툼이 일어나면  잘 못한 사람이 바로 사과를 하면되요 그때 바로 진심으로요  <br> 이게 쉬운거 같아도 어려워요 용기 있는 사람만이 할수있죠<br> 이때 잘못했는데 인정도 안하고 따지면 끝도 없어요 <br> 그냥 헤어지면돼요<br> 그리고 자기가 잘못했는데 그걸 인정 못하는 사람은    그냥 인생에서 지워버리세요 더 늦기전에 <br> 우리는 소중하잖아요 😊<br> 서로 존중과 배려할 줄 아는 만남을 해야해요 <br> 일방적인 존중과 배려는 결국 나만 힘들게 해요 <br> 나 자신을 소중히 할줄 아는 사람이 남도 배려할수 있어요,당근,2022-10-04T13:27:04Z,0
환승연애 출연진들 심리상태도 속 시원하게 풀어줬으면 좋겠다.... ㅎㅎ,정정,2022-10-02T23:46:29Z,0
ㅋㅋㅋㅋㅋㅋㅋㅋ 아…. 완전 공감,Doyu Park,2022-10-03T00:11:11Z,0
하... 우리는 남녀가 너무 뒤집혔어요 ㅜㅜ 남친은 하나하나 다 짚어서 사과를 받아내야 분이 풀리고 저는 반대로 스무스하게 넘어가길 바래요. 남친이 불안형(불안안정형)에 가깝고 제가 회피형(회피안정형)이라 그런 것 같아요 ㅜㅜ,평온한 Kate,2022-10-03T02:07:38Z,1
10월달도 코로나 조심하시고 행복한 하루 보내세요.,RANGER,2022-10-02T13:32:00Z,2
좋은 영상 감사합니다~,김민기,2022-10-03T08:58:25Z,0
그럼 남자가 자꾸 잘못해서 여자가 서운할 경우에는요..?ㅠ 게임을 너무 해요..그런데 여자랑 술 먹는 것도 아니고  건강한 취미 아니냐고 하는데 하루 일과처럼 꼭 해야하는 편이고요.. 서운하다고 말하고 딱 끝내는게 좋나요?,먀옹,2022-10-03T13:54:24Z,0
80만 축하드립니다~,유우미,2022-10-03T04:27:40Z,0
"<a href=""https://www.youtube.com/watch?v=zf2IsXjCnyY&amp;t=02m53s"">02:53</a>  이거 완전인정<br>이건 연인끼리 뿐만 아니라<br><br>남자들은 서로 친구끼리도<br>싸웠을 때 이런 방식으로 스르르 해결되는 경우가 굉장히 많습니다<br><br>딱딱하게 대화로 풀기보다는",비공식 핫클립저장소,2022-10-02T14:00:21Z,0
저희 커플만 남녀가 바뀐건가요 <br>전 여자같고 여친은 남자같이 행동하는데 ㅋㅋ 이번영상뿐 아니라 대부분 김달 영상 볼때 전 여자입장에서 항상 보게 되는것 같아요,현,2022-10-04T01:03:05Z,0
하 난못해 싸웠을때 해결하는 방법이 같은 사람끼리 만나는게 답인듯.. 싸우고나서 하루 넘어가는거 하 진심 보살수련받는느낌…,정연주,2022-10-02T17:04:25Z,1
싸웠다기 보다 남자가 뭔가 잘못을 했고 그걸 앞으로 해결하기 위한 방법을 강구하기 위해서...<br>그 해결책을 한번 대화해보자 하는건 다른 거겠죠..? ㅠㅠㅠ,우우,2022-10-02T23:23:17Z,0
"그냥 상대방과 빨리 화해하고 싶으면 쉽지 않겠지만 내 감정, 내 입장을 한번만 쉬고 상대방생각과 감정을 이해하려 해보고 공감해주려 해보세요.(※이때, 내 마음도 상대방을 들여다볼 여유가 필요하니까 잠시 시간을 갖고 시도하는 게 좋아요. 무턱대고 들이대면 상황이 더 악화됩니다.) 그러면 상대방은  어느정도 기분이 풀려있어요. 그러고는 드디어 내 얘기를 들어줄 여유가 보일때쯤에 그때서야 내 입장을 말해보는 거에요. 본인도 잘한거 없다고 인정했으면 알아서 미안하다고 사과할겁니다. 얼마전 헤어질 위기에 놓일만큼 남친이랑 크게 싸운적이 있었는데 이런식으로 1시간안에 화해했었습니다. 자기 감정상해서 내 전화를 피하던 사람이 먼저 목소리 듣고싶다고 전화하더라구요. 물론 저도 처음엔 제 서운한 거 말하느라 급급했는데 남친이랑 어느정도 다투다보니 노하우가 슬슬 생기게 되네요😅",퍼플유,2022-10-03T17:49:16Z,0
남자가 더 화나는거 미안하다 했잖아 이러고 사과 안 받아주면 더 화냄 와씨 소름 김달님이 내가 할말 다 하심 쟤가 이랬어요 너무 후회되요 ㅠㅠ,사랑해~💗,2022-10-02T14:35:43Z,2
싸우면 후회의 리스크가 존재하기 때문에  화해를 안하고 시간의 흐름에 따라 내비두면 남자가 알아서 사과함,채영,2022-10-02T14:59:34Z,1
기분 나빠하는 부분에 확실하게 사과하고 기다렸어요.. <br>권태기가 왔다고 이야기 하고 한달쯤 지났을까 갑자기 2주 가까이 연락이 없길래 잠수탄게 너무 속상해 그래도 네 마음이 풀릴때까지 쉬고 돌아왔으면 좋겠다니까 어땋게 본인이 잠수탔을거라고 생각하냐고 화내더라구요..연락하지말라길래 화 풀리면 연락달라고했었어요..3달동안 거의 연락없이지냈고 그러다 결국 답답해서 헤어지고 싶다면 마지막 인사는 해달라고 했고 결국 오늘 차였네요..😢안 돌아올 사람은 기다려도 돌아오지 않는건가봐요..속상해요..저에겐 첫사랑이였고 정말 많이 사랑했는데 너무 쉽게떠나가는거같아요,츄,2022-10-04T12:17:27Z,0
와... 진짜 남자의 마음을 정확히 아시네요...,david jang,2022-10-02T15:24:56Z,1
저도 얼마전에 여자친구와 헤어졌는데 제가 너무나 여자친구를 사랑해서 자존심이고 뭐고 버리고 사과를 했습니다.<br>하지만 여자친구는 단호했죠<br>여자친구는 저의 많은 부분으로 인해 지쳤고 힘들어했고<br>이별을 통보했습니다 저또한 여자친구에 얘기를 듣고<br>반성하고 대화를 했습니다<br>여러가지 대화를 나누었지만<br>여자친구는 시간을 두고 지켜보고 결정할라고싶다하였지만<br>제 불안감에 여자친구를 독촉하는 형태가 되어버려<br>거기서 여자친구는 더이상 안되겠다고 전화를 끊고 차단을 하였습니다<br>하지만 저도 받아들일수밖에 없지만 받아드릴준비가 되지않아<br>마지막으로 식사를 하고싶다고 권유하였고<br>여자친구도 방금은 감정적으로 대해서 미안하다<br>하지만 자기가 내 뱉은말을 되돌릴수없다 미안하다<br>사과를 하였고 저도 괜찮다 하지만 나도 준비가필요하다 너와의 마지막 식사가 끝나면 나도 포기할수있다고 하니 여자친구는<br>자기가 무슨말을해도 결심을 바꿀수없지?라는 희망이 담긴말을 해주었고 나는 바꿀수있다 대답하고 얘기는 마무리되었지만<br>오늘 연락을하였을때 그렇게 얘기하고나서 생각을 해봤지만<br>우리는 연인보단 친구로 지내는게 좋을거같다라고 하였습니다<br>물론 저도 어느정도 마음에 준비와 정리는 하는중이였지만<br>희망을 느끼고있었는데 뭔가 여자친구에 마음을 모르겠네요<br>14일날 저녁식사를 하기로했는데 그때 여자친구가 싫어했던 행동은 고칠려고 노력하는 모습을 보이고 다시한번 진중한 대화를 하면 가능성이 있을까요?,준영,2022-10-04T05:04:46Z,1
와… 나는 남자인가….?!😮<br>맨날 상대방이 먼저 우리 얘기 좀 하자 하는데 스트레스 그잡채…! 그냥 추궁하고 심문하고 잘잘못 따지는 거가 부질없는 것 같아요.<br>그냥 좀 다른 얘기하면서 냅두면 알아서 감정도 풀리고 괜찮아지는데…,Chei,2022-10-02T13:55:03Z,6
&#39;니가 잘못했고 정말 미안한 감정을 느끼고 있다면 그 미안함을 말이 아니라 행동으로 보여라&#39; 이런 느낌으로도 볼 수 있겠네요. 저는 개인적으로 이런 스탠스를 취한 적은 없지만 그 심정은 이해되긴 합니다.,김폴,2022-10-02T14:11:21Z,3
우리집 남자들 항상 나랑 싸우고 아 다시는 말 안해야지 하는데 다시 장난치면서 말 걸어서 하루도 안돼서 풀림 ;;;; 오래 안 가서 너무 좋지만 짜증남;;;;,J JJ,2022-10-03T09:30:08Z,0
이래서 이성적인 여자와 감성적인 남자가 만나는게 합이 나은듯🤔,17 ohtanishohei,2022-10-02T19:42:59Z,1
제남친도 싸우면 잠수타는<br>타입이라 제가 그걸 못기다리고<br>헤어졌답니다 사과하다가<br>포기했어요 인내심테스트도 아니고<br>와 ........,짱구,2022-10-02T13:45:20Z,18
싸우고 한달 말을 안한다고요? 성별 남녀노소 상관없이 개극혐이에요.,nunboo,2022-10-02T15:07:26Z,16
여자가 남자한테 맞추고 싶고 헤어지기 싫으면 이방법 따르는거고 남자가 여자한테 맞추고 헤어지기 싫으면 여자방법 따르는거같음 ㅋㅋ,HJ N,2022-10-02T16:30:00Z,2
무슨 두번이고 세번이고 여자가 참아야 화해가 가능하다고 일반화를 시키시나요?<br>이해불가ㅉ 그런 놈들만 그래요 만나보니 그럼놈은 계속 뻗대고 안그런 남잔 사과하면 바로 받을줄 알아요,sjl,2022-10-02T17:50:52Z,13
제 남자친구는 저랑 사귀기 시작할 때부터 저한테 그랬어요.... 만약 싸웠는데 연락 잠수타면 가만 안두겠다고.. 남녀가 바뀐분들도 계실까요.. 감이 안오네요..,세리,2022-10-02T16:28:48Z,1
후 전남친 ㅋㅋ 다시 이야기해서 또 겪지 말자며 나는 적당히 이야기하고 넘어가고 싶은데 계속 집어내면서 따지는게..<br>남녀 바뀐줄 ㅋㅋㅋㅋㅋ 니는 니는 거리고 아오 <br>싸우기 싫어서 연애 안할래....ㅡㅡ..,보라,2022-10-03T08:43:21Z,0
"<a href=""https://www.youtube.com/watch?v=zf2IsXjCnyY&amp;t=3m50s"">3:50</a> 거의 트와이스 안무 ㅋㅋㅋㅋㅋ<br><br>오히려 터지면 극도로 터질 것 같아서<br>띠꺼웠는데 참았다가 속 깊은 연인 캐릭터가 되어<br>부담됐어욕ㄱㅋㅋㅋ<br>어떤 사람은 솔직하지 못하다고 하고<br>참 사바사지만 그로 인해 내 감정이 정리가 되는 과정이란 게 의미가 있더라고요",구름구름,2022-10-02T16:16:57Z,3
아구체적으로 알려주셔서 감사합니다....,다니,2022-10-03T01:09:50Z,0
본인이 잘못한것도 알고 상대가 기분나쁜것도 다 이해하면서<br>사과 안하고 뻐기는 심리는 뭔가요??,제리,2022-10-02T15:36:13Z,1
사과하고 화 풀리면 연락하라고 했는데 그대로 잠수타버린 전 남친 생각이 나네요.,InYoung Chung,2022-10-03T10:30:30Z,0
와.. 잠수타는 사람이 왜캐많ㅇ아요?<br>지금까지 당일날 바로 안푼적이 없는데... 나나 상대나... 당일날 대화로 언성안높이고 바로바로 서로 미안한부분은 사과하고  해결방향 같이 의논하는데....,핫초코,2022-10-03T15:09:35Z,1
형은 천재야,참치,2022-10-03T10:37:42Z,0
"<a href=""https://www.youtube.com/watch?v=zf2IsXjCnyY&amp;t=06m28s"">06:28</a>에서 내가 생각한 그대로 말씀하심 ㅋㅋㅋㅋㅋ 남자들은 &quot;ㅎㅏ..또 뭐야진짜 이번엔&quot; 이렇게 생각합니닼ㅋㅋㅋㅋ",JB LEE,2022-10-04T09:31:56Z,0
"정말 제 남친은 어지간한 남자 아닌듯:) 주변 사람들 얘기들어보면 싸우고 풀리는 속도가 느리다고 하는데 저랑 남자친구는 하루가 다 가기 전에 항상 풀었네요 물론 그 당시에는 화가 나 서로 생각할 시간 갖으며 말을 안 꺼내지만 화가 스르르 풀리고 나면 차분하게 얘기해서 결국 풀어요 ㅋㅋ 저는 그 말 없는 시간을 못 견뎌하는데 남자친구는 그게 꼭 필요한 사람이더라고요 기다려주니 풀려서 다행이에요,, 그리고 <a href=""https://www.youtube.com/watch?v=zf2IsXjCnyY&amp;t=4m10s"">4:10</a> 제 남자친구는 본인도 사과하더라고요.. 저는 그래서 다음 날 언급하면서 사과하고 마음이 몽글몽글해지는 게 맞다고 생각했는데 대부분은 안 그렇군요,,",민주,2022-10-03T06:42:16Z,2
그 띠꺼운게 싫으면 처음에 사과로 시작해보세요.<br>&quot;우리 이야기좀 해&quot;는 대화로 쌓인걸 풀자보단 시시비비를 따지자 or 나 지금 기분나쁘다를 먼저 표현하는 느낌이라 대화 내용에 따라 다르겠지만 마지막에 저런 말이 나온다고 생각도 들어요. 애초에 먼저 내가좀심했던거같다고 사과하면어지간하면 바로풀리고시작하는터라..,안까만까망,2022-10-03T09:32:08Z,0
아 진짜 대박… 두 수 접는 게 진짜 너무너무 힘듭니다 근데 그 고비를 넘으면 풀어주긴 함.. 근데 매번 그 두 수를 접는 게 또 힘든… 😢 그래도 해야겠죠..,Real Magic,2022-10-02T15:15:43Z,2
성인 대 성인이 만나는데 공략법확인해서 참고 우쭈쭈 해야 화해가되고 대화가 된다는게 안타깝네요 분명 훨씬 정상적으로 자라난 남자들도 있을겁니다.,Ponyo In,2022-10-04T10:14:56Z,0
"띠껍게 이야기 안하는 남자는 없을까요… <br>애도 아니고.. <br>저는, 같이 사니까 매일 얼굴봐서 <br>참 그럴땐 힘드네요…",dreamcapture_7,2022-10-02T19:42:50Z,0
와 저장하고 두고 두고 봐야겠다.. 완전 센세이셔널.. 첨 알았어요,간장게장,2022-10-02T15:37:34Z,1
남자는 여자랑 싸웠다는 스토리를 붙잡고 있으려고 안 합니다<br>빨리 버리고 다음 스토리로 넘어가고 싶어하죠<br>좋은 스토리도 똑같습니다 속전속결하고 싶어요<br><br>여자는 한 스토리를 곱씹고 싶어하는 것 같아요<br>소 같아요<br>어떻게든 소화시켜야 직성이 풀리나봐요,참좋다,2022-10-03T00:52:49Z,0
진짜 징글징글하네 한발<br>양보 하면 또 한발 다가오는 맛이 있어야 연애를 하지 <br>뭘 사과를 했는데 또 띠껍게 나오고 <br>진짜 지겹다 지겨워 <br>=제 남자친구 얘기 ㅅㅂ,백부인,2022-10-02T17:06:38Z,4
게임에서 온라인 채팅으로 싸울때도 먹히는 방법인가요?ㅋㅋㅋㅋㅋㅋㅋㅋㅋㅋㅋㅋㅋㅋㅋㅋㅋㅋㅋㅋㅋㅋ,실시간몰카보고욕한너,2022-10-03T04:30:11Z,0
저희 부부는 얘기하신것 남녀가 완전 바뀐것같아요🤔일반적으로 여자한테는 그럼 어떻게하는걸까요ㅎ,J J,2022-10-02T13:50:20Z,0
만나면 절 좋아한다는 확신이 드는데 연락은 또 잘 안되고 어떻게 하면 좋을까요 ..?,진미경,2022-10-03T11:37:19Z,0
헐 진짜 마자요 .. 다음날 미안해 하면은 투정부리고 툴툴대용 입 삐죽나오고 ..,영이,2022-10-03T11:58:44Z,0
오잉~ 김달님이 말하시는 남자쪽이 오히려 나넹~~,핸지짱,2022-10-02T13:13:23Z,4
그러고싶지않으니까 헤어지는거겠죠,김미애,2022-10-02T14:10:21Z,1
와씨 뭐야 내가 여잔데 남자친구가 나한테 하는 행동이 영상에서 제안하는 여자 포지션이네 ㅋㅋㅋㅋ,A비야,2022-10-03T07:48:14Z,0
머가 미안한대...<br>그건 남자랑 싸웠을때<br>여자가 마니 하는말인뎁ㅋㅋㅋㅋㅋ,인생은아름다워,2022-10-03T04:36:39Z,0
저 띠껍게 말하는 것도 사람따라 정도의 차이가 천차만별이더라..<br>진짜 대뜸 인신공격하고 너무 모진말 하는 사람이랑은 결국 언사땜에 파투남.<br>모든 것에는 정도가 있음을 남녀모두 객관적으로 파악해뒀으면. <br>본인이 지나치게 죠랄맞다는 인지가 있어야.. 스스로 컨트롤해야 함,호도호도,2022-10-02T17:04:09Z,0
아 미치겟다 ㅋㅋㅋㅋㅋㅋㅋㄱ나여잔대 왜캐공감가니 ㅋㅋㅋㅋㅋㅋㅋㅋㅋㅋㅋㄱ<br>나는 화나면 일단혼자잇어야하는대<br>자꾸옆에서 화해모드 들어와서 <br>말시키면 개짜증남.내가스스로 정화중인대 ㅋㅋㅋㅋㅋ자기가화해하고싶다고 <br>액숀하면 나는 그게더 화남<br>아니 나는아직안풀렷는대??지는화해하자고??<br>지가화해하자고 하믄 나는 무조건화해해야하는거여?라고 열이 더 받아요 ㅋ<br>걍저는 달님영상대로<br>기승전결필요없고 내가 미안햇어<br>요고하나면 젤로 조음<br>그리고 내가 띠껍게 말함<br>잘못한거알긴아냐?ㅋㅋㅋ이런식인대 ㅋㅋㅋㅋㅋㅋㅋ<br>옛날에 막짚고넘어가는스탈이엿는대<br>그게 개피곤하단걸 내가느낌<br>그래서 바뀐거같음<br>살면서할거가 너무너무 많고 에너지<br>소모가 많은대 굳이?그캐까지해야함?라는생각이 들엇음ㅋ 얼렁뚱땅넘어갈려는 심보절대아닙니다<br>걍 그런거에 에너지소모하는게 너무 하찮음<br>지금의 나에겐,두나,2022-10-02T17:44:26Z,1
제발 하지말라는것좀 하지말아주지... ㅠㅠ,young._. ga,2022-10-02T18:25:59Z,1
저는 남자인가요.. 말씀하시는 남자 입장이 저랑 비슷한듯 ㅋㅋ,김레이첼,2022-10-04T13:53:04Z,0
와씨.. 사과를 듣는다는게 축복이네요 들어본적이없는데,쮸끼,2022-10-02T19:14:21Z,0
그렇게 계속 참아주다가 휴.. 갑질 당하잖아요 ㅋㅋㅋ 한번이 쉽지~ 아 너무 싫어 ㅎ,밍밍밍,2022-10-03T15:16:07Z,2
이건 다른 얘기이지만 궁금해서 댓글남깁니다<br>썸남이 오늘 갑자기 다른사람들에게 이쁘다는 얘기 들어봤어? 라고 물어봤는데 이건 무슨 뜻일까요..,김봉지사랑해,2022-10-03T14:32:21Z,1
20만 남았다...!,나무비,2022-10-02T15:12:16Z,0
아아 미안해 화풀리면 연락줘 요렇게 하는거구나 큰 걸 배우고 갑니다!!,뜌링뚜,2022-10-02T14:13:47Z,2
축하드려요🎉,세상세,2022-10-02T13:07:45Z,1
싸우는 얘기만 들어도 스트레스...,mimi hn,2022-10-02T21:20:30Z,0
김달님의 유튜브에는 80만명이 있다.,sdf lksdfngbf,2022-10-02T13:15:26Z,1
남자여자 상황 바뀌는 경우는 뭘까,루비냥이,2022-10-02T22:20:10Z,0
상대방에게 키를 넘겨줘라,길냥,2022-10-02T13:35:02Z,1
근데.. 저는 여잔데 제가 저렇게 나오게 되던데요.. ㅋㅋ,Makeithappen,2022-10-02T13:14:53Z,4
난 그냥 먼저 미안해 ~~~해서 그런거같아 다음부터 조심할게 그러면 그냥 풀리는데<br><br>얘기좀 하자 지금 말할기분 아니야 이런거 들으면 화남,Monet Oscar-Claude,2022-10-02T18:10:52Z,1
괜히 틱틱 거리게 되는 그런 게 있지요..,얘기투성이,2022-10-03T01:55:12Z,0
와.. 이거 찐이다,Reina Park,2022-10-02T13:21:54Z,2
하...  어제싸우고 냉전중인데 이영상을 보게되다니 ㅋ,우아한그녀.🦋🦋,2022-10-02T13:29:09Z,2
"주식 잘 할거면 이 세분 영상이면 끝!<br>장초단타 ----- 기선제압<br>당일단타 ----- 창원개미<br>마  인  드 ----- 야손tv",수익실현 주식고수 유튜버,2022-10-03T10:05:04Z,0
잘못해놓고 빌드업한다는거 자체가  시건방진거지요,이건영,2022-10-02T13:21:27Z,5
공감이 하나도 안되네… 남자는 다 저렇게 유치하고 타인을 배려할 줄 모르는 사람인 줄 아나..,행복해츄,2022-10-03T17:37:57Z,0
중간만들엇는데 짜증난다ㅋ… 안그래도빡치는데 두번째순간을 참으라니?ㅋ 애초에 띠껍게받아친단거가 이해가안가네,Veronica K,2022-10-02T15:44:05Z,6
아맞음 사과하면 띠껍게 나오는거 짜증ㅋㅋㅋㅋㅋㅋㅋ,지미니조구매,2022-10-02T13:37:31Z,6
혼자살자. 드르버서 못참아주겠다ㅋㅋㅋ,hideva3737,2022-10-03T20:53:21Z,0
힘들다..정말<br>저는 이걸 봤는데도 힘들어요ㅠㅠ<br>다 했었는데 안되서,하이댕이끼·ᴗ·,2022-10-02T17:57:47Z,0
모자란 생물을 이해하라 하는 이런걸 보는 것도 내가 한심<br>사람은 혼자 살 수 없죠 그치만 이런 생물하고 연애도 신물나고 안땡김 오구오구 큰아들이냐,뭘봐임마,2022-10-04T01:17:20Z,0
진짜 글쓴이 전여친같다 화가다시 치밀어오른다 그냥좀 넘어가자 그냥 제발 좀 한번을 그냥넘어가는일이없냐구..,님대장,2022-10-03T11:32:07Z,0
화 좀 풀리면 연락달라고 했는데<br>기본 4일에서 일주일씩 잠수탐... <br>현재도 잠수중임<br>지긋지긋해서 헤어질까 생각중...,지베르니,2022-10-02T16:32:45Z,0
그런것두오래오래가면ㆍ여자덜도ㆍ한이 ㆍ원망이쌓인다,화 국,2022-10-03T00:45:11Z,0
허허이런거 나한창  연애할때알았더라면ㅋ,𝓽𝓽𝓽𝓷𝓷𝓷𝓴𝓴𝓴𝓭𝓭𝓭𝓰𝓰ت︎☺︎︎,2022-10-02T16:12:39Z,0
띠껍게구는걸 참아야되나..,머글,2022-10-03T02:44:45Z,1
미쳤다 내가 말하면 씨알도 안먹히니까 보여줘야해 이건,감자팡,2022-10-02T18:16:53Z,0
연애 졸라 어렵다 휴 ㅋ,유니,2022-10-03T02:34:57Z,1
미안하다 사과 ! &gt; 모진말 할거임 그래도 진심 아니니까 그때도 참기 ( 진짜 잘못한거 알아? 나 기분나쁨 의미),아즈아즈아즈아,2022-10-03T12:37:41Z,0
"<a href=""https://www.youtube.com/watch?v=zf2IsXjCnyY&amp;t=2m58s"">2:58</a> ~ <a href=""https://www.youtube.com/watch?v=zf2IsXjCnyY&amp;t=3m06s"">3:06</a><br><br>화해에 대한 강박관념을 버리자구요<br>대화좀 해, 말좀 해봐.. 이런식으로는 자꾸 추궁하고 심문하는거 같아서... 더 역효과나요",MS O,2022-10-02T13:20:50Z,9
ㅋㅋㅋ남잔 그냥 동생 애.로 보고 오구오구 해주면된다고 함,부리,2022-10-02T13:07:21Z,6
목적은 화해.,윤혜윤,2022-10-02T13:25:32Z,0
왜 사과하는데 그딴식으로 받아드리는거지 ㅋㅋ,이진,2022-10-02T15:43:03Z,2
어맛 나다♡♡,토부기네,2022-10-03T04:30:46Z,0
내감정을항상받치기만했어항상 슬퍼요,다영,2022-10-02T14:29:38Z,0
소름...,조아영,2022-10-04T13:57:12Z,0
"블라인드 데이트 가입하기 존나 빡세요. 처음은 제 실수 였다 치지만 두번째 세번째 빠꾸먹으니까 여기에 사람이 많을 수 잇을까?  이렇게 입구컷이 엄청 까다로운데..  자기소개가 불성실해서 이런가 해서 700자 가득 성심성의껏 채웟지만 컷!! <br><br>아오!! 길게 쓰자니 부족하고 간추리고 있잖니 어렵고, 짜증나요. 진심으로. 할때까지 할테지만, 너무 컷이 높아요.",세나인,2022-10-04T08:01:28Z,0
내가 아까 ~~했던거는 미안해. 화풀리면 연락줘,여름,2022-10-02T13:38:52Z,1
아니 상대방이 먼저 사과하는데 거기다대고 틱틱대고 띠껍게 구는 건 인성문제아니냐 애도 아니고;;  혼자살란다 걍,Tweq rial,2022-10-03T16:33:30Z,0
저희는 완전 반대군요..!,윤토란yuntoran,2022-10-02T14:20:28Z,0
정말 어렵네요 어려워요^^…………,수정,2022-10-02T15:46:48Z,0
미...미.. 미친놈아! 니가먼저잘못했잖아아악!!! (사과하려다급발진),03 flroral,2022-10-03T04:42:40Z,0
여자도 똑같을거 같은데,비질란테,2022-10-02T13:29:00Z,4
제가 남자인데 봐뀐거같습니다 ㅋㅋㅋ 남자랑 여자랑;;,그건니가,2022-10-02T17:32:49Z,1
엇 이사하셨나요?,길냥,2022-10-02T13:27:30Z,0
선댓달고 봄,이이동래,2022-10-02T13:38:03Z,0
여자한테 해도 먹힐 것 같은데,김성일,2022-10-02T13:17:40Z,3
됐다인간아ㅡ남생들아 ㅡ,화 국,2022-10-03T00:43:56Z,0
걍딴사람만나삼ᆢㆍᆢ,Dogs Doggy,2022-10-03T05:53:37Z,2
남자들 문제많노,진jin,2022-10-03T16:55:53Z,0
이건 아닌듯,말차맘모스,2022-10-02T22:54:39Z,4
All right,Anna zen,2022-10-02T16:33:51Z,0
"여자가 사과할 때 진심도 아닌데 남자가 띠껍게 말하는 이유, 꼴에 자존심은 있어서 &quot;너의 의견에 약간의 인정과 반성은 하지만 차마 자존심이 상해서 사과하긴 뭐하니 좀 띠껍게 얼버무려 볼게&quot;임",야옹시8,2022-10-02T16:56:24Z,0
맞는 말인듯..여자들은 왜 그냥 넘어가면 될것을 다시 들춰내서 들쑤시는지 이해가 안됨 ㅇㅇ,JH Y,2022-10-02T18:28:09Z,0
자기들 기분 풀러고,꾸꾸꾸,2022-10-03T13:49:18Z,0
