video_id,title,date,view,likecnt,comment,channel_name
GfUj_ZvRppg,Visual Studio Code에서 Git으로 협업하기 - 4. 충돌,2022-08-31,3299.0,75.0,8.0,생활코딩
srN5UchM26A,Visual Studio Code에서 Git으로 협업하기 - 3. 협업하기,2022-08-31,2200.0,55.0,5.0,생활코딩
m1Q9dXuD-O0,Visual Studio Code에서 Git으로 협업하기 - 2. clone,2022-08-31,1501.0,30.0,3.0,생활코딩
vI8FFvQge2w,Visual Studio Code에서 Git으로 협업하기 - 1. github.com,2022-08-31,5295.0,118.0,12.0,생활코딩
XACHCUduqh0,"Streamlit - HTML, CSS, JS 없이 Python으로 웹사이트 만들기",2022-08-22,9201.0,281.0,47.0,생활코딩
4BUwV1DcHZA,streamlit #shorts,2022-07-25,12197.0,414.0,15.0,생활코딩
K-3sBc2pUJ4,redux toolkit - thunk 를 이용해서 비동기 작업을 처리하는 방법,2022-07-11,5106.0,84.0,23.0,생활코딩
ECMB4kUCKWQ,"Next.js - React, Express.js 그리고 SSR을 한방에",2022-07-05,11154.0,278.0,34.0,생활코딩
9wrHxqI6zuM,Redux toolkit,2022-07-04,6339.0,150.0,20.0,생활코딩
NbqvJaPT9iA,React router dom - #shorts,2022-06-19,7348.0,263.0,8.0,생활코딩
_kAoKkdT-ew,React Styled components - #shorts,2022-06-16,6765.0,182.0,16.0,생활코딩
j-JxASock0Q,React - Styled components,2022-06-16,3682.0,85.0,11.0,생활코딩
xWk3qHleZ4c,모바일에서 개발자 도구를 사용하는 팁.,2022-06-07,12501.0,518.0,32.0,생활코딩
wVUnsTsRQ3g,"git conflict - 알면 기능, 모르면 사고",2022-06-02,7881.0,224.0,19.0,생활코딩
mHJDtDM_wHc,웹브라우저에 데이터를 저장하기 - IndexedDB,2022-05-16,7352.0,177.0,16.0,생활코딩
3j1J_y3BqqM,SQLite - 5/7. SELECT,2022-04-30,3461.0,28.0,4.0,생활코딩
KYFCQdOsFpc,SQLite - 7/7. 수업을 마치며,2022-04-30,1773.0,33.0,3.0,생활코딩
US24t45S2Cc,SQLite - 6/7. Update Delete,2022-04-30,1515.0,17.0,5.0,생활코딩
HH5HTQ5PXws,SQLite - 4/7. INSERT,2022-04-30,2008.0,23.0,2.0,생활코딩
znOGp0jLHXA,SQLite - 3/7. 데이터베이스와 표 생성,2022-04-30,3600.0,37.0,8.0,생활코딩
3PFrGzv2sEA,SQLite - 2/7. 설치,2022-04-30,3082.0,35.0,1.0,생활코딩
ePodq8vyucQ,SQLite - 1/7. 수업소개,2022-04-30,6245.0,92.0,3.0,생활코딩
3N5XHl8EE78,Flask web framework - 9. 삭제,2022-04-04,4116.0,38.0,12.0,생활코딩
eAifC2_4VQk,Flask web framework - 8. 수정,2022-04-04,3334.0,23.0,1.0,생활코딩
ZKkQ3RG3DtQ,Flask web framework - 7.2. 쓰기,2022-04-04,2487.0,27.0,2.0,생활코딩
wT16kB6CPT8,Flask web framework - 7.1. 쓰기,2022-04-04,3350.0,37.0,0.0,생활코딩
LwRuq5SdY3U,Flask web framework - 6. 읽기,2022-04-04,3362.0,25.0,4.0,생활코딩
ZiKOLXXqfLM,Flask web framework - 5. 홈페이지 구현,2022-04-04,4044.0,25.0,4.0,생활코딩
iLBwWFrxpV0,Flask web framework - 4. 라우팅,2022-04-04,3929.0,44.0,5.0,생활코딩
HjIeLsfYe08,Flask web framework - 3. 플라스크를 사용하는 이유,2022-04-04,5065.0,43.0,8.0,생활코딩
qjKdjCCsqvI,Flask web framework - 2.2. 온라인 서비스로 개발환경셋팅,2022-04-04,2971.0,18.0,2.0,생활코딩
P5K8a2Tht34,Flask web framework - 2.1. 나의 컴퓨터에 개발환경셋팅,2022-04-04,5054.0,61.0,10.0,생활코딩
X_n6IZmieV8,Flask web framework - 1. 수업소개,2022-04-04,12371.0,196.0,25.0,생활코딩
5OCRbxkFWeI,Orange3 - 데이터를 그린다. Paint Data Widget,2022-03-25,4073.0,47.0,4.0,생활코딩
JQ_lksQFgNw,React - Context API,2022-03-22,5024.0,81.0,17.0,생활코딩
OZPRKFqPWG4,React 2022년 개정판 - 10. Delete & 수업을 마치며,2022-03-21,7477.0,120.0,26.0,생활코딩
bW_WOrYzVWw,React 2022년 개정판 - 9. Update,2022-03-21,9877.0,108.0,15.0,생활코딩
kctNCMFxciQ,React 2022년 개정판 - 8. Create,2022-03-21,14023.0,135.0,37.0,생활코딩
s3cDPbcoy_4,React 2022년 개정판 - 6. 이벤트,2022-03-21,15051.0,137.0,32.0,생활코딩
vmunrKR0uOU,React 2022년 개정판 - 7. state,2022-03-21,15265.0,173.0,18.0,생활코딩
E7bNzWrlKTE,React - useState의 경쟁자 useReducer,2022-03-18,4702.0,90.0,12.0,생활코딩
t9e3hMJ_s-c,React 2022년 개정판 - 5. props,2022-03-17,21266.0,200.0,34.0,생활코딩
WT58gOl8Eh8,React 2022년 개정판 - 4. 컴포넌트만들기,2022-03-17,18889.0,170.0,21.0,생활코딩
XQ-XqLVJBwg,React 2022년 개정판 - 3. 소스코드수정방법,2022-03-17,21056.0,199.0,15.0,생활코딩
txX3bL22esU,React 2022년 개정판 - 2. 실습환경구축,2022-03-17,24309.0,196.0,23.0,생활코딩
AoMv0SIjZL8,React 2022년 개정판 - 1. 수업소개,2022-03-17,46205.0,573.0,53.0,생활코딩
a5AzftkvW9U,JavaScript Promise All | Race - 동시작업을 단순하게!,2022-02-11,7453.0,144.0,21.0,생활코딩
1z5bU-CTVsQ,JavaScript - async & await,2022-02-09,11982.0,291.0,24.0,생활코딩
PasFh_t1mhY,JavaScript Promise 2 - new Promise,2022-02-08,6448.0,167.0,13.0,생활코딩
Sn0ublt7CWM,"JavaScript - Promise (then, catch)",2022-02-07,16047.0,370.0,37.0,생활코딩
TAyLeIj1hMc,JavaScript - callback,2022-02-06,15990.0,355.0,31.0,생활코딩
61iolhWgQt0,JavaScript - var VS let VS const,2022-02-04,6190.0,198.0,12.0,생활코딩
bwwaSwf7vkE,JavaScript - closure,2022-01-30,10109.0,268.0,34.0,생활코딩
QtOF0uMBy7k,JavaScript - Execute context,2022-01-28,13094.0,394.0,22.0,생활코딩
fv7mer7cWW8,Python Django Web Framework - 3/14. 포트의 개념,2022-01-27,13159.0,122.0,4.0,생활코딩
2GhfkfcoFr4,크롬 개발자 도구 - 자바스크립트 디버거,2022-01-26,7586.0,229.0,23.0,생활코딩
PWePBteFeeE,React MUI (Material UI)로 로그인 UI 만들어보기,2022-01-20,10636.0,172.0,7.0,생활코딩
or3np70c7zU,React UI 라이브러리 - MUI (Material-ui),2022-01-19,11191.0,252.0,34.0,생활코딩
yjuwpf7VH74,react-redux (2022년 개정판),2022-01-17,21444.0,442.0,27.0,생활코딩
4o7FbB7hba0,아름다운 웹사이트를 위하여! - Bootstrap,2022-01-14,11465.0,289.0,34.0,생활코딩
ldULT0GDqMI,Sound of coding - REDUX,2022-01-13,4134.0,75.0,13.0,생활코딩
krG7jVMUe_0,WEB1 - 19. 웹서버 운영하기 (2022년 수정본),2022-01-12,38714.0,422.0,61.0,생활코딩
MN1g0490WAg,WEB1 - 18. 웹호스팅 : github page (2022년 수정본),2022-01-10,39532.0,526.0,82.0,생활코딩
xGdUNyVkAto,Python Django Web Framework - 2/14. 설치,2022-01-01,18156.0,113.0,17.0,생활코딩
pbKhn2ten9I,Python Django Web Framework - 1/14. 수업소개,2021-12-28,33455.0,440.0,55.0,생활코딩
WIpXjooFNOc,Orange3 안에서 Python & Pandas 사용하기,2021-12-20,3762.0,71.0,8.0,생활코딩
eBV6tAfekyw,정부 데이터 API를 이용해서 가져오기,2021-12-18,9703.0,286.0,14.0,생활코딩
veNt894OAjc,Orange3 - Merge Data : 여러개의 표를 하나의 표로 합치기,2021-12-08,3188.0,38.0,7.0,생활코딩
w2F8O9J1keM,git flow - 출시와 개발을 동시에 진행하는 방법,2021-11-08,10236.0,203.0,11.0,생활코딩
45pERzGJM64,Python3 - 모듈과 패키지,2021-10-25,6069.0,116.0,22.0,생활코딩
zsfktX59MJc,Python3 - 함수,2021-10-22,6476.0,146.0,14.0,생활코딩
NXEeQgm0m8Q,HTTP - 1. 수업소개 (수정본),2021-10-20,9308.0,189.0,21.0,생활코딩
EK6iYRCIjYs,Docker compose 를 이용해서 복잡한 도커 컨테이너를 제어하기,2021-10-20,9335.0,232.0,15.0,생활코딩
_v0C9MSs1mM,코드와 오류를 공유해서 도움 받기 (ideone.com),2021-10-15,4236.0,138.0,17.0,생활코딩
cqlY1Hc70H0,github 로 Docker image 공유하기,2021-09-23,6353.0,80.0,11.0,생활코딩
_38dU6GExDo,Docker hub로 이미지 공유하기 (push),2021-09-21,4448.0,73.0,4.0,생활코딩
0kQC19w0gTI,도커 : 이미지 만드는 법 - Dockerfile & build,2021-09-14,13441.0,244.0,18.0,생활코딩
RMNOQXs-f68,도커 : 이미지 만드는 법 - commit,2021-09-08,7718.0,175.0,10.0,생활코딩
yc0rxkt93MQ,Visual Studio Code 로 다루는 Git - 버전관리편 - 7. 코드리뷰와 작업취소,2021-09-03,6089.0,114.0,14.0,생활코딩
P-UNibp1FHg,Visual Studio Code 로 다루는 Git - 버전관리편 - 6. 시간여행,2021-09-03,5740.0,62.0,6.0,생활코딩
AEhPmgDdzYg,Visual Studio Code 로 다루는 Git - 버전관리편 - 5. 버전보기,2021-09-03,5592.0,55.0,2.0,생활코딩
_Ckg6EoaS5s,Visual Studio Code 로 다루는 Git - 버전관리편 - 4. 버전만들기,2021-09-03,6964.0,93.0,7.0,생활코딩
SZclqh4GpEI,Visual Studio Code 로 다루는 Git - 버전관리편 - 3. 저장소만들기,2021-09-03,7858.0,94.0,5.0,생활코딩
8Kp7QoVxjoA,Visual Studio Code 로 다루는 Git - 버전관리편 - 2. 설치,2021-09-03,6896.0,64.0,5.0,생활코딩
M_0vwGlz5EM,Visual Studio Code 로 다루는 Git - 버전관리편 - 1. 수업소개,2021-09-03,15672.0,223.0,12.0,생활코딩
K8qVH8V0VvY,Visual Studio Code 기본 사용법,2021-08-25,92638.0,1601.0,99.0,생활코딩
6sPoml7PBQQ,비주얼 스튜디오 코드 - 스크린 캐스트 모드 : 강의나 협업 할 때 유용하겠어요,2021-08-19,8331.0,187.0,13.0,생활코딩
8Ujq5XNeVCo,생활코딩 Docker 입문수업 - 8. 수업을 마치며,2021-08-17,10730.0,226.0,37.0,생활코딩
AmSKD4p-jhw,생활코딩 Docker 입문수업 - 7. 호스트와 컨테이너의 파일시스템 연결,2021-08-17,12749.0,155.0,21.0,생활코딩
P0ZFyB4iQd0,생활코딩 Docker 입문수업 - 6. 명령어 실행,2021-08-17,14817.0,178.0,7.0,생활코딩
SJFO2w5Q2HI,생활코딩 Docker 입문수업 - 5. 네트워크,2021-08-17,17729.0,260.0,13.0,생활코딩
iLcUr0EQdrM,생활코딩 Docker 입문수업 - 4. 컨테이너 run,2021-08-17,17989.0,202.0,9.0,생활코딩
EbTJtanJUfE,생활코딩 Docker 입문수업 - 3. 이미지 pull,2021-08-17,20283.0,252.0,8.0,생활코딩
L3ZpudSF0HU,생활코딩 Docker 입문수업 - 2. 설치,2021-08-17,25690.0,326.0,22.0,생활코딩
Ps8HDIAyPD0,생활코딩 Docker 입문수업 - 1. 수업소개,2021-08-17,45850.0,706.0,162.0,생활코딩
ATNPfFxUjyU,Python 제어문 - 6. 수업을 마치며,2021-08-11,4773.0,110.0,14.0,생활코딩
QBsXqzM4CQM,Python 제어문 - 5.3. 반복문 - Dictionary,2021-08-11,4754.0,73.0,13.0,생활코딩
lMp-bLDZ7TM,Python 제어문 - 5.1. 반복문 - for 기본형식,2021-08-11,4943.0,62.0,4.0,생활코딩
xcz1WwPm1kM,Python 제어문 - 5.2. 반복문 - 다차원배열의 처리,2021-08-11,4563.0,71.0,4.0,생활코딩
N3Tisvuxw74,Python 제어문 - 4.4. 조건문 중첩,2021-08-11,3650.0,57.0,4.0,생활코딩
SJ5k8AtZYm0,Python 제어문 - 4.3. 조건문 elif,2021-08-11,3585.0,56.0,2.0,생활코딩
13-M9GNq_CI,Python 제어문 - 4.2. 조건문 - else,2021-08-11,3874.0,49.0,1.0,생활코딩
uQb4AdS8yiA,Python 제어문 - 4.1. 조건문의 기본형식,2021-08-11,5158.0,64.0,3.0,생활코딩
fKxh7xpGZig,Python 제어문 - 3. 비교 연산자,2021-08-11,4961.0,57.0,3.0,생활코딩
7ATvsRgzkIU,Python 제어문 - 2. Boolean,2021-08-11,5460.0,68.0,1.0,생활코딩
ySlod5oxoV8,Python : 제어문 - 1. 오리엔테이션,2021-08-11,10234.0,115.0,7.0,생활코딩
3baRvzep-EE,생활코딩 Python 입문수업 - 10. 수업을 마치며,2021-07-28,10530.0,212.0,54.0,생활코딩
jkSlShmagzs,생활코딩 Python 입문수업 - 9. pypi pip,2021-07-28,11431.0,140.0,24.0,생활코딩
SOdyJY6njEI,생활코딩 Python 입문수업 - 8. 입력과출력,2021-07-28,9174.0,103.0,14.0,생활코딩
Z2POhN_uRFc,생활코딩 Python 입문수업 - 7. 디버깅,2021-07-28,10472.0,159.0,17.0,생활코딩
BiaDwCKRyxg,생활코딩 Python 입문수업 - 6. 변수,2021-07-28,9656.0,111.0,10.0,생활코딩
f0KepGxLcbY,생활코딩 Python 입문수업 - 5. 메뉴얼과 검색,2021-07-28,11005.0,179.0,4.0,생활코딩
qRYRlEc2Zqg,생활코딩 Python 입문수업 - 4.3. 리스트 데이터 타입,2021-07-28,11956.0,144.0,11.0,생활코딩
yXWQW552BsI,생활코딩 Python 입문수업 - 4.2. 문자열데이터타입,2021-07-28,12074.0,142.0,18.0,생활코딩
LlKSao9UtnI,생활코딩 Python 입문수업 - 4.1. 숫자형 데이터 타입,2021-07-28,14810.0,160.0,33.0,생활코딩
T9j8_P3-3b0,생활코딩 Python 입문수업 - 4.0. 데이터타입,2021-07-28,14957.0,117.0,9.0,생활코딩
26VBVedAOUo,생활코딩 Python 입문수업 - 3.2. 파이썬 파일로 실행,2021-07-28,16847.0,135.0,51.0,생활코딩
OIKoBa-TCN0,생활코딩 Python 입문수업 - 3.1. 파이썬 쉘로 실행,2021-07-28,16470.0,169.0,8.0,생활코딩
rqtAZ_1CYjA,생활코딩 Python 입문수업 - 3.0. 실행,2021-07-28,16787.0,145.0,7.0,생활코딩
WSpz6HXFYLQ,생활코딩 Python 입문수업 - 2.3. ideone com,2021-07-28,13174.0,84.0,5.0,생활코딩
a-351Tut0eQ,생활코딩 Python 입문수업 - 2.2. 주피터 노트북,2021-07-28,15967.0,117.0,3.0,생활코딩
9fU6ZzxQpKs,생활코딩 Python 입문수업 - 2.1. 컴퓨터에 직접 설치하기,2021-07-28,21631.0,191.0,28.0,생활코딩
qYOk-d9bIBs,생활코딩 Python 입문수업 - 2.0. 설치,2021-07-28,19784.0,216.0,12.0,생활코딩
-3DHpwy498o,생활코딩 Python 입문수업 : 1. 오리엔테이션,2021-07-28,48062.0,724.0,254.0,생활코딩
SvjQrrmjiQU,머신러닝 야학 3기를 모집합니다. (이벤트는 영상 설명을 참고해주세요!),2021-07-12,20011.0,426.0,290.0,생활코딩
RLFNlHGkgF0,생활코딩 머신러닝1이 책으로 나왔습니다,2021-07-07,9707.0,392.0,353.0,생활코딩
jGryI-hBA38,AWS의 눈 - Cloud Watch,2021-03-18,12310.0,204.0,18.0,생활코딩
_1Yqk-fLkec,필요한 만큼 컴퓨터를 자동으로 생성/제거 해주는 AWS Auto Scaling,2021-03-10,7924.0,128.0,10.0,생활코딩
C6VG4d28z3A,p5js로 배우는 아름다운 삼각함수,2021-03-08,11228.0,248.0,31.0,생활코딩
IPNHM2Kx1uk,모션그래픽을 위한 p5.js - 12. 수업을 마치며,2021-02-09,6800.0,101.0,28.0,생활코딩
QNIrKe4yZXE,모션그래픽을 위한 p5.js - 11. 상호작용 심화,2021-02-09,6027.0,54.0,9.0,생활코딩
UeGNyCmI-Sg,모션그래픽을 위한 p5.js - 10. 상호작용 : 이벤트 프로그래밍,2021-02-09,4729.0,34.0,2.0,생활코딩
rnYDSPXkwk0,모션그래픽을 위한 p5.js - 9. 상호작용 : 입력장치의 상태 데이터,2021-02-09,4456.0,46.0,3.0,생활코딩
5hJJm9CP2Rs,모션그래픽을 위한 p5.js - 8. 이동하는 애니메이션 만들기,2021-02-09,5464.0,51.0,6.0,생활코딩
nxG4hzciL7Q,모션그래픽을 위한 p5.js - 7. 애니메이션 draw와 random,2021-02-09,4762.0,42.0,8.0,생활코딩
libPOBV9BeA,모션그래픽을 위한 p5.js - 6. 그림 색상,2021-02-09,3717.0,37.0,5.0,생활코딩
N1P5fzuTYKc,모션그래픽을 위한 p5.js - 5. 그림 채우기와 태두리,2021-02-09,3913.0,44.0,5.0,생활코딩
-aJb_VQLZ64,모션그래픽을 위한 p5.js - 4. 그림 도형,2021-02-09,4673.0,57.0,1.0,생활코딩
THe8g-l-cuc,모션그래픽을 위한 p5.js - 1. 수업소개,2021-02-09,18128.0,421.0,34.0,생활코딩
31JEsy40XBU,모션그래픽을 위한 p5.js - 2. 실행,2021-02-09,8664.0,89.0,9.0,생활코딩
aJr4hB82Hvw,모션그래픽을 위한 p5.js - 3. 그림 위치,2021-02-09,7397.0,74.0,7.0,생활코딩
ue7Rk20p_EA,AWS Launch Template 사용법,2021-01-21,3688.0,66.0,9.0,생활코딩
X0o1x_dr2E0,머신러닝 야학 2기 졸업식,2021-01-19,8281.0,153.0,5.0,생활코딩
BRRxHIBOatE,TensorFlow.js Classification - 4. 분류스러운 학습,2021-01-11,3319.0,42.0,15.0,생활코딩
ohKiadW05p8,TensorFlow.js Classification - 3. 학습,2021-01-11,2632.0,21.0,3.0,생활코딩
67dCSbIQGKo,TensorFlow.js Classification - 2. 데이터 준비,2021-01-11,3554.0,34.0,5.0,생활코딩
_dAJZCLKjmM,TensorFlow.js Classification - 1. 수업소개,2021-01-11,7939.0,57.0,7.0,생활코딩
VX54Ggd2yNU,JS로 만드는 AI : TensorFlow.js - 10.1. 여러개의 변수 : 보스톤 집값 예제 소개 (수정본),2021-01-10,3766.0,57.0,3.0,생활코딩
eT2ErgZnHu8,JS로 만드는 AI : TensorFlow.js - 11. tensorflowjs vis,2021-01-07,4186.0,45.0,5.0,생활코딩
WoUPy7vhkjQ,JS로 만드는 AI : TensorFlow.js - 12.2. 딥러닝 : 코딩하기,2021-01-07,3932.0,41.0,3.0,생활코딩
DMElAQq6kxs,JS로 만드는 AI : TensorFlow.js - 12.1. 딥러닝 : 소개,2021-01-07,3657.0,46.0,2.0,생활코딩
2TYEtkQMTXc,JS로 만드는 AI : TensorFlow.js - 13. 수업을 마치며,2021-01-07,3264.0,75.0,13.0,생활코딩
H-4D0YBG8Ho,JS로 만드는 AI : TensorFlow.js - 10.4. 여러개의 변수 : 여러개의 종속변수,2021-01-06,3666.0,65.0,8.0,생활코딩
LS1gykFfr70,JS로 만드는 AI : TensorFlow.js - 10.3. 여러개의 변수 : 코딩하기,2021-01-06,3755.0,55.0,6.0,생활코딩
iTUDZPrVM1E,JS로 만드는 AI : TensorFlow.js - 10.2. 여러개의 변수 : 모델의 실체,2021-01-06,3120.0,45.0,2.0,생활코딩
a9tD69fEX-U,JS로 만드는 AI : TensorFlow.js - 8. 모델의 저장과 불러오기,2021-01-05,5290.0,67.0,6.0,생활코딩
ya6Hw37DtQQ,JS로 만드는 AI : TensorFlow.js - 9. 졸업식과 입학설명회,2021-01-05,3355.0,54.0,7.0,생활코딩
dw--5QMT-qw,JS로 만드는 AI : TensorFlow.js - 7. 모델의 정체,2021-01-05,4220.0,61.0,6.0,생활코딩
I7TDMelRIaQ,JS로 만드는 AI : TensorFlow.js - 6. 정확도측정,2021-01-05,4749.0,66.0,6.0,생활코딩
IUDMX9StaUI,JS로 만드는 AI : TensorFlow.js - 5.6. 나의 모델 만들기 : 모델의 이용과 학습,2021-01-04,4894.0,60.0,13.0,생활코딩
VNyQshlrfBQ,JS로 만드는 AI : TensorFlow.js - 5.5. 나의 모델 만들기 : 모델을 학습 시키기,2021-01-04,3998.0,46.0,7.0,생활코딩
2gRB3RVs3VY,JS로 만드는 AI : TensorFlow.js - 5.4. 나의 모델 만들기 : 모델의 모양 만들기,2021-01-04,4384.0,56.0,2.0,생활코딩
zDQ0A1bK4NA,JS로 만드는 AI : TensorFlow.js - 5.1. 나의 모델 만들기 : 코드리뷰,2021-01-04,7339.0,102.0,10.0,생활코딩
pTtfTJpk-hg,JS로 만드는 AI : TensorFlow.js - 5.3. 나의 모델 만들기 : 데이터 준비하기,2021-01-04,4933.0,59.0,7.0,생활코딩
dFKUMc07RJo,JS로 만드는 AI : TensorFlow.js - 5.2. 나의 모델 만들기 : 라이브러리 설치,2021-01-04,6088.0,73.0,12.0,생활코딩
ZJX0J21AZOA,JS로 만드는 AI : TensorFlow.js - 4. 남의  모델을 이용하기,2021-01-03,9727.0,126.0,19.0,생활코딩
G9CI_I6eF9M,JS로 만드는 AI : TensorFlow.js - 3. 수업의 순서,2021-01-03,6979.0,92.0,9.0,생활코딩
y_XjBmFbHNQ,JS로 만드는 AI : TensorFlow.js - 2. 지도학습의 작업순서,2021-01-03,9265.0,150.0,14.0,생활코딩
XU5pAFR_9nQ,머신러닝 야학 오리엔테이션 (전야제),2021-01-03,13443.0,463.0,12.0,생활코딩
5q2E3JMXTKU,JS로 만드는 AI : TensorFlow.js - 1. 수업소개,2021-01-01,32218.0,447.0,47.0,생활코딩
g7W5LK1DM8o,AWS Elastic Beanstalk,2020-12-30,6149.0,155.0,6.0,생활코딩
rPCgsu0bcM4,Pandas를 자바스크립트에서! Danfo.js,2020-12-28,7532.0,177.0,16.0,생활코딩
csBOFDDI4IU,머신러닝야학 2기 개강 이벤트 추첨 방송,2020-12-27,8393.0,243.0,8.0,생활코딩
m7GFdCj0l-g,머신러닝 야학 2기 학우를 모집합니다.,2020-12-22,19270.0,460.0,803.0,생활코딩
xzhUSXGzc54,Nodejs로 만들어진 Web app을 리눅스에서 구동하는 방법,2020-12-21,4482.0,111.0,9.0,생활코딩
TAe4uZqYt6c,저장소 안에 저장소 - git submodule,2020-12-17,4699.0,117.0,14.0,생활코딩
p1Hp09Fr8HQ,Node.js 프로세스 관리자  - PM2,2020-12-14,4611.0,108.0,11.0,생활코딩
1TspsaXiyZY,암호학1 수업 완성 기념 감사 이벤트 추첨을 진행했습니다.,2020-12-13,2244.0,63.0,18.0,생활코딩
tHwatH9GgnM,Amazon API Gateway 와 AWS Lambda 를 연동해서 애플리케이션 서버 만들기,2020-12-11,9757.0,216.0,13.0,생활코딩
AJjOJdJjLzg,암호학1 - 5. 수업을 마치며,2020-12-10,5352.0,178.0,21.0,생활코딩
O7SiDuTCysM,암호법1 - 4.2. 양방향 암호화 - 비대칭키(공개키) - 전자 서명하는 방법 (이벤트는 본문을 참고해주세요!),2020-12-10,8713.0,182.0,21.0,생활코딩
MR4sCU82tgo,암호학1 - 4.1. 양방향 암호화 - 비대칭키(공개키 방식) - 기밀성을 위해서 사용하기,2020-12-10,12295.0,269.0,65.0,생활코딩
0nPDwJPxOVQ,암호학1 - 3. 양방향 암호화 방식 -  대칭키 방식,2020-12-10,7456.0,142.0,10.0,생활코딩
qP1H2dwnAVA,암호학1 - 2. 단방향 암호화 방법,2020-12-10,8987.0,186.0,12.0,생활코딩
NBrcJSkgYmA,암호학1 - 1.수업소개,2020-12-10,17633.0,442.0,318.0,생활코딩
AjuOf7VSsgA,생활코딩스러운 20만 구독 이벤트 추첨,2020-12-02,6972.0,281.0,74.0,생활코딩
SppXAkspK_A,고맙습니다,2020-11-25,30418.0,2345.0,1047.0,생활코딩
60goWpADp-I,Amazon API Gateway,2020-11-19,14406.0,264.0,13.0,생활코딩
PmY3dWcCxXI,기계들의 대화법 - REST API,2020-11-17,57005.0,1460.0,48.0,생활코딩
t8sjTFM_tfE,0.1초 동안 컴퓨터를 빌려보자 - AWS Lambda,2020-11-05,24666.0,435.0,29.0,생활코딩
s9FHdj6jd_U,AWS - Elastic Load Balancer (ELB),2020-11-02,9937.0,178.0,14.0,생활코딩
1AyxqIePusA,JMeter을 이용해서 웹서버 성능 테스트하기,2020-10-30,11609.0,245.0,17.0,생활코딩
Pv2yDJ2NKQA,AWS - EC2 기본 사용법,2020-10-29,34443.0,489.0,22.0,생활코딩
0kA0mBvumrg,CSS - position,2020-10-22,11209.0,246.0,17.0,생활코딩
iTyjTM4Gujg,Tmux - 터미널을 더욱 효율적으로!,2020-10-08,11173.0,257.0,17.0,생활코딩
UcZ3qvapfWw,github.com - Pull request - 6. 수업을 마치며,2020-09-14,3099.0,66.0,17.0,생활코딩
5FU-uyatBXc,github.com - Pull request - 5.2. 충돌해결하기 - git으로 충돌해결하기,2020-09-14,4356.0,57.0,4.0,생활코딩
ln9jFir06PU,github.com - Pull request - 5.1. 충돌해결하기 - github 내의 편집기 이용하기,2020-09-14,3074.0,48.0,3.0,생활코딩
hdnljLaqLQU,github.com - Pull request - 4. 소통하기,2020-09-14,3523.0,48.0,2.0,생활코딩
Ru9qv-tHj7I,github.com - Pull request - 3. pull request 만들기,2020-09-14,6577.0,66.0,5.0,생활코딩
kkQiIXH5w2A,github.com - Pull request - 2. 실습환경,2020-09-14,4321.0,36.0,1.0,생활코딩
uvsz2XgRPfM,github.com - Pull request - 1. 수업소개,2020-09-14,13242.0,160.0,3.0,생활코딩
v3_krWXM_P4,Teachable machine & WEB - 6. 수업을 마치며,2020-08-27,2968.0,46.0,8.0,생활코딩
7xfoRlIS6OQ,Teachable machine & WEB - 5. 프로젝트에 적용,2020-08-27,3859.0,30.0,5.0,생활코딩
R64TcUOgXDw,Teachable machine - 4.2. 코드분석 2/2,2020-08-27,3218.0,28.0,4.0,생활코딩
ZR2b3etnhtA,Teachable machine & WEB - 4.1. 코드분석 1/2,2020-08-27,4951.0,36.0,4.0,생활코딩
XBbRsQ2w2Hs,Teachable machine - 3. 웹서버 준비,2020-08-27,4676.0,45.0,3.0,생활코딩
URbWejtxK1Q,Teachable machine & WEB - 2. 모델만들기,2020-08-27,4743.0,38.0,5.0,생활코딩
ZFa1DrjTzmQ,Teachable machine & WEB - 1. 수업소개,2020-08-27,7595.0,85.0,2.0,생활코딩
4cgJsFnopZU,Orange3 지도학습 - 5. 수업을 마치며,2020-08-24,3695.0,127.0,28.0,생활코딩
tKnxWH58QDU,Orange3 지도학습 - 4.3. 모델비교,2020-08-24,3879.0,54.0,1.0,생활코딩
X7DmpXkqkG0,Orange3 지도학습 - 4.2. 분류학습방법선발전,2020-08-24,4586.0,45.0,4.0,생활코딩
4vNlEg8PH2c,Orange3 지도학습 - 4.1. 분류문제 소개,2020-08-24,4005.0,53.0,1.0,생활코딩
PCIliAelLqA,Orange 3 지도학습 - 3.3. 평가하기,2020-08-23,3804.0,47.0,5.0,생활코딩
R5kZle15Cfg,Orange3 지도학습 - 3.1. 보다 현실적인 사례,2020-08-23,4858.0,51.0,5.0,생활코딩
tB7VDiH14YQ,Orange3 지도학습 - 3.4. 공정하게 평가하기,2020-08-23,3795.0,61.0,4.0,생활코딩
tj1z2kwLWw4,Orange3 지도학습 - 3.2. 경쟁시키기,2020-08-23,4820.0,55.0,6.0,생활코딩
4uT8dMcfUD8,Orange3 지도학습 - 2. 지도학습의 기본방법,2020-08-23,6391.0,90.0,6.0,생활코딩
tDeN1SdSqe8,Orange3 지도학습 - 1. 수업소개,2020-08-23,12236.0,170.0,14.0,생활코딩
2hEExCbNUnA,Machine learning 1 - 24. 수업을 마치며,2020-08-19,15874.0,454.0,108.0,생활코딩
9HnAVKPk_bg,Machine learning 1 - 23. 머신러닝 지도,2020-08-19,18178.0,268.0,18.0,생활코딩
6pyjFfSIA7k,Orange 3 - 8.수업을 마치며,2020-08-18,6335.0,153.0,26.0,생활코딩
BPCAP7DHLYw,Machine learning 1 - 22. 강화학습,2020-08-18,26420.0,293.0,16.0,생활코딩
xwe1cbZaFEg,Machine learning 1 - 21. 비지도학습 정리,2020-08-18,19565.0,209.0,8.0,생활코딩
k2o3pe_qy4Y,Machine learning 1 - 20. 연관규칙학습,2020-08-18,17533.0,181.0,9.0,생활코딩
6wskh8xKRNM,Machine learning 1 - 19. 군집화,2020-08-18,21422.0,233.0,12.0,생활코딩
zPGRvgUwKik,Orange 3 - 7.2. 머신러닝 사용하기,2020-08-17,9978.0,124.0,11.0,생활코딩
UBGpkhUclj8,Orange 3 - 7.1. 머신러닝,2020-08-17,9411.0,88.0,9.0,생활코딩
7lRkauI2OIc,Machine learning 1 - 18. 분류,2020-08-17,20991.0,262.0,19.0,생활코딩
qT8SxIBx-dE,Machine learning 1 - 17. 회귀,2020-08-17,23410.0,236.0,13.0,생활코딩
hnc1DGz9UCU,Machine learning 1 - 16. 지도학습,2020-08-17,23075.0,277.0,11.0,생활코딩
Z8tZjIOptZI,Machine learning 1 - 15. 머신러닝의 분류,2020-08-17,24184.0,295.0,9.0,생활코딩
Yjdkp6kpCSM,Orange 3 - 6.4. 상관관계와 인과관계,2020-08-16,8205.0,102.0,6.0,생활코딩
SZoM94KFva0,Orange 3 - 6.3. 산점도와 상관관계,2020-08-16,7854.0,97.0,8.0,생활코딩
GndrnY42IkE,Orange 3 - 6.2. boxplot,2020-08-16,8082.0,83.0,12.0,생활코딩
Zxu91fj9_Ec,Orange 3 - 6.1. 통계와 시각화,2020-08-16,9398.0,98.0,3.0,생활코딩
dzNsDGXuCBg,Machine learning 1 - 12. 표,2020-08-16,21317.0,258.0,8.0,생활코딩
XRmQRviHLe4,Machine learning 1 - 11. 직업의 시작,2020-08-16,21497.0,266.0,12.0,생활코딩
45in_hvFsJg,Machine learning 1 - 14. 심리전,2020-08-16,20950.0,311.0,32.0,생활코딩
p2iQSmSH-mI,Machine learning 1 - 13. 독립변수와 종속변수,2020-08-16,28549.0,412.0,28.0,생활코딩
ujL5CBi6kDg,Orange3 - 4. 기본 사용법 (수정본),2020-08-14,16316.0,166.0,23.0,생활코딩
bFTaSwryOMI,Orange3 - 5.2. 표를 조작하기,2020-08-13,10710.0,108.0,12.0,생활코딩
KlNEFi2g4ew,Orange 3 - 5.1. 표에 대한 용어들,2020-08-13,9388.0,98.0,3.0,생활코딩
oNTCVdArqEI,Machine learning 1 -10. 교양의 끝,2020-08-13,22302.0,386.0,32.0,생활코딩
H1HjbJ0n5Rk,"Machine learning 1 - 9. 모르면 마법, 알면 기술",2020-08-13,28455.0,390.0,18.0,생활코딩
5tZm923FNYg,Machine learning 1 - 8. 애플리케이션과 프로그램,2020-08-13,26952.0,315.0,14.0,생활코딩
E3wR1d6vcqQ,Machine learning 1 - 7. 머신러닝머신,2020-08-13,33897.0,383.0,30.0,생활코딩
HUVG4ZnwN5k,머신러닝야학 라이브,2020-08-13,18357.0,738.0,17.0,생활코딩
3zhFhzhGgRc,Orange3 - 4. 기본사용법,2020-08-12,4678.0,79.0,19.0,생활코딩
mrooZtq4vzU,Orange3 - 3. 설치,2020-08-12,12406.0,90.0,12.0,생활코딩
VUeODGY0ijI,Orange3 - 2. 시나리오와 전략,2020-08-12,13470.0,150.0,11.0,생활코딩
F-XMiXOQWJk,Orange3 - 1. 오리엔테이션,2020-08-12,19757.0,225.0,16.0,생활코딩
87Ra6xwepFI,Machine learning 1 - 6. 모델,2020-08-12,33933.0,434.0,40.0,생활코딩
F5SUlHhjYCk,Machine learning 1 - 5. Teachable machine,2020-08-12,43623.0,559.0,36.0,생활코딩
6w766zMm_dc,Machine learning 1- 4. 궁리하는 습관,2020-08-12,35981.0,484.0,26.0,생활코딩
KR8ddnPjCtk,Machine learning 1 - 2. 머신러닝이란?,2020-08-12,79385.0,995.0,38.0,생활코딩
LPqmPfhnR1o,Machine learning 1 - 1. 오리엔테이션,2020-08-12,73271.0,1184.0,100.0,생활코딩
Pj5apGi9wvw,Machine learning 1- 3. 꿈,2020-08-12,40037.0,510.0,35.0,생활코딩
lQR-r-k21VI,머신러닝 야학에 참여해주세요!,2020-08-04,36419.0,1406.0,836.0,생활코딩
1OihCn5BoT4,git - reflog,2020-07-27,3399.0,95.0,6.0,생활코딩
EzcF6RX8RrQ,git flow model,2020-07-22,10676.0,277.0,19.0,생활코딩
EJfjEfD87RQ,Java 예외 - 9. 수업을 마치며,2020-06-29,4244.0,78.0,20.0,생활코딩
fYHsOyvnzAs,Java 예외 - 8. try-with-resource,2020-06-25,4856.0,63.0,3.0,생활코딩
WSFBl3H-MsE,Java 예외 - 7. finally와 resource 다루기,2020-06-25,4272.0,64.0,13.0,생활코딩
q80kLBw04gI,Java 예외 - 6. checked vs unchecked exception,2020-06-25,4910.0,67.0,5.0,생활코딩
TPp7a8EqCUY,자바 예외 - 5. e의 비밀,2020-06-24,5285.0,64.0,6.0,생활코딩
lSopXBjhBHo,Java 예외 - 4. 예외의 우선순위,2020-06-24,4737.0,70.0,4.0,생활코딩
YNRANQPuDjM,Java 예외 - 3. 예외의 처리,2020-06-24,5477.0,60.0,10.0,생활코딩
2CgnJZ5oWYs,Java 예외 - 2. 예외의 발생,2020-06-24,5895.0,57.0,1.0,생활코딩
HZL4iUUx4_E,Java 예외 - 1. 수업소개,2020-06-24,11095.0,121.0,11.0,생활코딩
jdTsJzXmgU0,자바 수업을 리뉴얼 했습니다,2020-06-24,282589.0,1671.0,116.0,생활코딩
kpPupb3Z_0c,Java Interface - 5. 수업을 마치며,2020-06-22,3264.0,58.0,5.0,생활코딩
DfurQh_GXSE,Java Interface - 4. 사용설명서 속의 인터페이스,2020-06-22,4531.0,53.0,3.0,생활코딩
X98Tl5ANQs0,Java Interface - 3. 다형성,2020-06-22,6355.0,80.0,5.0,생활코딩
tVRKuSkgGko,Java Interface - 2. 인터페이스의 형식,2020-06-22,6607.0,47.0,6.0,생활코딩
d_9tbUQ5G7E,Java Interface -  1. 수업소개,2020-06-22,14261.0,146.0,14.0,생활코딩
cCf3dPet094,Java 상속 - 6 수업을 마치며,2020-06-19,6116.0,116.0,22.0,생활코딩
OStTXyl636k,Java 상속 - 5. 상속과 생성자,2020-06-19,10608.0,79.0,18.0,생활코딩
3S4Tbz5H-H0,Java 상속 - 4. this & super,2020-06-19,10226.0,82.0,7.0,생활코딩
RvZ5yJvaUAc,Java 상속 - 3. Overriding vs Overloading,2020-06-19,10367.0,88.0,7.0,생활코딩
htkZUEzsUuM,JAVA 상속 - 2. 기능의 개선과 발전,2020-06-19,9731.0,71.0,7.0,생활코딩
tsgJEm-pq2E,Java 상속 - 1. 수업소개,2020-06-19,18090.0,161.0,9.0,생활코딩
bd2oKB9Ragg,Airtable 고급권한,2020-05-22,2742.0,24.0,3.0,생활코딩
3-ChcOGF9uU,Airtable - 5. primary field,2020-05-18,3078.0,30.0,0.0,생활코딩
7caCh9GbzoI,Airtable - 13. 수업을 마치며,2020-05-18,1631.0,44.0,8.0,생활코딩
jbHsX9Or5k4,Airtable - 12-3. 표 결합,2020-05-18,1951.0,20.0,4.0,생활코딩
L_wiRibDxpA,Airtable - 12-2. 표 분해하기,2020-05-18,1511.0,11.0,0.0,생활코딩
HoodWUKZBRE,Airtable - 12-1. 표 분해하기,2020-05-18,1584.0,11.0,0.0,생활코딩
_5hKpD32JNw,Airtable - 11. 수식,2020-05-18,1673.0,14.0,0.0,생활코딩
I-E4pBVcBbI,Airtable - 10. 뷰 2/2,2020-05-18,1548.0,13.0,0.0,생활코딩
yzdYH4R2r0k,Airtable - 9. 뷰 1/2,2020-05-18,2220.0,22.0,1.0,생활코딩
rcsJA9vEydE,Airtable - 8. 요금정책,2020-05-18,2349.0,15.0,0.0,생활코딩
uLZpvIlTQqA,Airtable - 7. 백업과 소통,2020-05-18,1704.0,12.0,2.0,생활코딩
a02aknYHzzE,Airtable - 6. 협업,2020-05-18,2145.0,22.0,1.0,생활코딩
383NXxZA6Lw,Airtable - 4. 표의 열을 설정하기,2020-05-18,2548.0,32.0,3.0,생활코딩
IVZ03CgH-G4,Airtable - 2. 표를 만들기,2020-05-18,4296.0,61.0,2.0,생활코딩
UHH3XWe35Uw,Airtable - 3. 표의 개념,2020-05-18,2912.0,38.0,2.0,생활코딩
xMVHhbza9aQ,Airtable - 1. 수업소개,2020-05-18,10875.0,184.0,23.0,생활코딩
uBOdEEzjxzE,github.com - action,2020-03-05,14789.0,330.0,30.0,생활코딩
9TCvmaG0gq8,Github.com - 5. 맴버,2020-02-28,11349.0,78.0,3.0,생활코딩
cU2RLHTyGM8,Github.com - 7. 수업을 마치며,2020-02-28,7182.0,185.0,29.0,생활코딩
laQLQ7HQz9A,Github.com - 2. 저장소생성,2020-02-28,21094.0,234.0,11.0,생활코딩
nisqr73mjOo,Github.com - 6. 이슈,2020-02-28,8582.0,81.0,4.0,생활코딩
ojdc4PI7z9s,Github.com - 3. 버전생성,2020-02-28,16889.0,186.0,6.0,생활코딩
hjsFW7ry8GA,Github.com - 4. git 구경하기,2020-02-28,13949.0,186.0,8.0,생활코딩
tocFib6Ytls,Github.com - 1. 수업소개,2020-02-28,34408.0,514.0,13.0,생활코딩
VaAWIAxvj0A,Create React App - Proxy,2020-02-25,6825.0,146.0,10.0,생활코딩
WLdbsl9UwDc,React Router,2020-02-17,25779.0,381.0,48.0,생활코딩
iY_vmP-Q3Ak,React class vs function style - 1. 수업소개,2020-02-12,18521.0,173.0,7.0,생활코딩
4bTUicgjq5I,React class vs function style - 3.1. 클래스에서 state 사용법,2020-02-12,8273.0,72.0,1.0,생활코딩
83kE6cf0Cqk,React class vs function style - 5. 총정리 겸 수업을 마치며,2020-02-12,4283.0,104.0,36.0,생활코딩
LgEJlKfHJW0,React class vs function style - 4.2.2. 함수에서 라이프 사이클 구현 하기 - useEffect,2020-02-12,5246.0,58.0,6.0,생활코딩
MZjT_P5HElw,React class vs function style - 2. 수업의 목표,2020-02-12,8202.0,88.0,3.0,생활코딩
R6GPIWG7O9s,React class vs function style - 3.2. 함수에서 state 사용법 hook,2020-02-12,8637.0,101.0,6.0,생활코딩
VgbMW2f5laM,React class vs function style - 4.1. 클래스에서 라이프 사이클 구현 하기,2020-02-12,6704.0,85.0,3.0,생활코딩
cJFLZUV4iLs,React class vs function style - 4.2.1. 함수에서 라이프 사이클 구현 하기 - 실습준비,2020-02-12,5080.0,52.0,1.0,생활코딩
d-UtrSSj5gA,React class vs function style - 4.2.4. 함수에서 라이프 사이클 구현 하기 - skipping effect,2020-02-12,4783.0,83.0,5.0,생활코딩
s_i7yi8W3z8,React class vs function style - 4.2.3. 함수에서 라이프 사이클 구현 하기 - clean up,2020-02-12,4631.0,80.0,4.0,생활코딩
2m4iTjdgbMU,NPM in the console - Console에서 NPM을,2020-02-06,3018.0,40.0,12.0,생활코딩
0_pH8qxx4FY,NPX Package - 8. NPX & 수업을 마치며,2020-02-05,1505.0,43.0,3.0,생활코딩
36lRV-nB_xg,NPM Package - 7. 패키지 설치하고 실행하기,2020-02-05,1522.0,16.0,1.0,생활코딩
1ibvl1M_mng,NPM Package - 6. 명령행 프로그램 만들기,2020-02-05,1563.0,18.0,1.0,생활코딩
jF39arQo1Tc,NPM Package - 5. 패키지 사용하기,2020-02-05,1792.0,21.0,2.0,생활코딩
VF0piIfGgQA,NPM Package - 4. NPM Registry - 패키지 업로드 하기,2020-02-05,1900.0,18.0,5.0,생활코딩
8-EPPMQMrgs,NPM Package - 3. 모듈 만들기,2020-02-05,2279.0,20.0,0.0,생활코딩
oUavU1pgzRE,NPM Package - 2. 수업의 목표,2020-02-05,2197.0,18.0,0.0,생활코딩
GcKfwA1G4L0,NPM Package - 1. 수업소개,2020-02-05,7271.0,60.0,4.0,생활코딩
mXwFvwZIJ0I,Webpack - 11. 수업을 마치며,2020-02-03,3600.0,147.0,25.0,생활코딩
WEzqhEwovsE,Webpack - 10. npm 패키지 사용,2020-02-03,4162.0,42.0,3.0,생활코딩
mNcsqH3rcus,Webpack - 9. 선물,2020-02-03,3856.0,45.0,1.0,생활코딩
FlpRJ9iXYZg,Webpack - 8. 플러그인의 도입,2020-02-03,5121.0,70.0,3.0,생활코딩
dt2xU71pX88,Webpack - 7. output 설정,2020-02-03,5038.0,68.0,1.0,생활코딩
5ym8ozubCTA,Webpack - 6. 로더의 도입,2020-02-03,6205.0,121.0,8.0,생활코딩
yO_nc7A2qpo,Webpack - 5. 모드의 도입,2020-02-03,5984.0,70.0,1.0,생활코딩
gj9RKSXW_vc,Webpack - 4. 설정파일 도입,2020-02-03,7902.0,112.0,3.0,생활코딩
t1efxfi_nu8,Webpack - 3. 웹팩의 도입,2020-02-03,10820.0,150.0,28.0,생활코딩
1V6XiP16D28,Webpack - 2. 웹팩이전의 세계와 모듈의 개념,2020-02-03,12705.0,163.0,11.0,생활코딩
cp_MeXO2fLg,Webpack - 1. 수업소개,2020-02-03,21090.0,285.0,9.0,생활코딩
2k-0mBWjWtk,React & Ajax - 6. 로딩 중 기능 구현 & 수업을 마치며,2020-01-24,3320.0,50.0,5.0,생활코딩
DVQmo8TzfZQ,React & Ajax - 4. ajax로 컴포넌트의 상태 변경하기,2020-01-24,3033.0,24.0,0.0,생활코딩
5suKe4QxkjI,React & Ajax - 1. 수업소개,2020-01-24,11757.0,75.0,4.0,생활코딩
OCxPf0Tt-Tw,React & Ajax - 5. 프리젠테이션 컨테이너에서 데이터 종속성을 제거하기,2020-01-24,2179.0,19.0,1.0,생활코딩
ReKQ8k4w2i4,React & Ajax - 3. ajax로 컴포넌트 초기화하기,2020-01-24,3965.0,28.0,1.0,생활코딩
uTha6v0HQqc,React & Ajax - 2. 실습준비,2020-01-24,3770.0,26.0,0.0,생활코딩
-UERw--siBw,git - bisect 를 이용해서 버그를 빠른 속도로 탐색하기,2020-01-20,2306.0,54.0,1.0,생활코딩
nHIKnLoxISg,코딩야학 7기 라이브 - 2020년 1월 17일 저녁 9시 방송,2020-01-17,2399.0,51.0,7.0,생활코딩
wdJlOYE8TYU,코딩야학 7기 라이브 - 2020년 1월 16일 저녁 9시 방송,2020-01-16,1913.0,34.0,3.0,생활코딩
Cwwsv_OaWhM,react redux 로 만들어보는 웹앱,2020-01-16,14804.0,187.0,16.0,생활코딩
cjk0DZd6wfU,코딩야학 7기 라이브 - 2020년 1월 15일 저녁 9시 방송,2020-01-15,2883.0,39.0,2.0,생활코딩
jNezME84zMI,코딩 없이 데이터 요리하기 - CyberChef,2020-01-15,3908.0,118.0,11.0,생활코딩
ofWlsXBhU_w,코딩야학 7기 라이브 - 2020년 1월 14일 저녁 9시 방송,2020-01-14,2324.0,47.0,0.0,생활코딩
QRVf6hpD4q8,코딩야학 7기 라이브 - 2020년 1월 13일 저녁 9시 방송,2020-01-13,2482.0,46.0,3.0,생활코딩
Vm10_b31HSE,React Redux - 7. 수업을 마치며,2020-01-13,4759.0,159.0,39.0,생활코딩
V0MDQmNgcYw,React Redux - 6.4.  React Redux - mapDispatchToProps,2020-01-13,5183.0,68.0,3.0,생활코딩
Q1CmuPDUK3Q,React Redux - 6.3.  React Redux - mapStateToProps,2020-01-13,5762.0,73.0,10.0,생활코딩
h5Trjjra50E,React Redux - 6.2.  React Redux -  connect & provider,2020-01-13,6502.0,75.0,1.0,생활코딩
ygMmY_Q-6HQ,React Redux - 6.1.  React Redux - 필요한 이유,2020-01-13,6172.0,102.0,8.0,생활코딩
ZmM4JSpIh6E,React Redux - 5.2.  컴포넌트의 재사용성을 높이기 위해서 container 컴포넌트 도입,2020-01-13,5700.0,59.0,3.0,생활코딩
ObCKEaKFRac,React Redux - 5.1. react 컴포넌트에서 redux에 종속된 기능을 제거,2020-01-13,6925.0,75.0,11.0,생활코딩
19noSek_i00,React Redux - 2. 수업계획,2020-01-13,8772.0,118.0,6.0,생활코딩
SaXgXcgJ5xg,React Redux - 4. redux를 도입,2020-01-13,10902.0,106.0,12.0,생활코딩
fkNdsUVBksw,React Redux - 1. 수업소개,2020-01-13,26951.0,217.0,9.0,생활코딩
hg5OQeguPFU,React Redux - 3.1. redux 없는 react 컴포넌트 구조 만들기,2020-01-13,9543.0,81.0,5.0,생활코딩
xBChHYeV138,React Redux - 3.2. redux 없는 react 컴포넌트 상태 연결하기,2020-01-13,8035.0,95.0,6.0,생활코딩
Bgv01qVTo8Q,브라우저를 코딩 에디터로 사용하기,2020-01-11,9745.0,215.0,15.0,생활코딩
AApXMzcSjzw,코딩야학 7기 라이브 - 2020년 1월 10일 9시 방송,2020-01-10,2558.0,48.0,3.0,생활코딩
UAYxn0M7Yk8,코딩야학 7기 라이브 - 2020년 1월 9일 9시 방송,2020-01-09,2304.0,55.0,2.0,생활코딩
tmcLeBiaPSA,코딩야학 7기 라이브 - 2020년 1월 8일 9시 방송,2020-01-08,2903.0,57.0,3.0,생활코딩
W8X2wZ206ZQ,코딩야학 7기 라이브 - 2020년 1월 7일,2020-01-07,3438.0,92.0,8.0,생활코딩
5Qul2NR79zE,코딩야학 7기 라이브 - 2020년 1월 6일,2020-01-06,5128.0,119.0,4.0,생활코딩
C9l-dQTeW7k,React - 5. create react app을 이용해서 개발환경구축,2020-01-05,45501.0,192.0,15.0,생활코딩
nvRlr_qPfBc,React - 4. npm을 이용해서 create react app 설치,2020-01-05,44164.0,257.0,9.0,생활코딩
8ntAyFZaEGs,코딩야학 7기 라이브 - 2020년 1월 3일,2020-01-03,7951.0,262.0,12.0,생활코딩
HFygn_c9Dk0,굿바이 코딩야학 - 7기를 개강합니다,2019-12-26,15763.0,269.0,201.0,생활코딩
3WCc3htDT50,JAVA 객체 지향 프로그래밍 - 9 수업을 마치며,2019-11-28,10004.0,211.0,43.0,생활코딩
GnFp6_JI3Do,전기야학과 함께 전기의 세계를 탐험해봅시다,2019-11-20,3720.0,122.0,16.0,생활코딩
1KWFFwtM4Kg,JAVA 객체 지향 프로그래밍 - 8.2. 활용 - 인스턴스화,2019-11-17,11989.0,184.0,32.0,생활코딩
hvTuZshZvIo,JAVA 객체 지향 프로그래밍 - 6. static,2019-11-17,25269.0,386.0,39.0,생활코딩
_GIXzqq3Cp4,JAVA 객체 지향 프로그래밍 - 7. 생성자와 this,2019-11-17,22960.0,192.0,22.0,생활코딩
siUcCqySsng,JAVA 객체 지향 프로그래밍 - 8 .1. 활용 - 클래스화,2019-11-17,13583.0,124.0,7.0,생활코딩
IXO5PluE1HM,JAVA method - 6. 메소드의 활용,2019-11-13,11605.0,102.0,8.0,생활코딩
Y370ydbIb7Y,JAVA 객체 지향 프로그래밍 - 5. 인스턴스,2019-11-12,21224.0,240.0,61.0,생활코딩
t6SctN_DoE0,JAVA 객체 지향 프로그래밍 - 6. 생성자와 this,2019-11-12,1017.0,15.0,2.0,생활코딩
YDgvrS8yWcA,JAVA 객체 지향 프로그래밍 - 7. 패키지,2019-11-12,595.0,10.0,1.0,생활코딩
jpcXlhgEzmQ,JAVA 객체 지향 프로그래밍 - 4.2. 클래스 - 형식,2019-11-12,15250.0,127.0,15.0,생활코딩
t68pZ5bfV9c,JAVA 객체 지향 프로그래밍 - 8. access level modifier,2019-11-12,595.0,8.0,1.0,생활코딩
m1Cx8vDDmYo,JAVA 객체 지향 프로그래밍 - 4.1. 클래스 - 존재 이유와 기본형식,2019-11-12,18357.0,114.0,16.0,생활코딩
YcWaITX54k4,JAVA 객체 지향 프로그래밍 - 3. 변수와 메소드,2019-11-12,22459.0,162.0,22.0,생활코딩
nMiS5ZRSgCw,JAVA 객체 지향 프로그래밍 - 2. 남의 클래스 & 남의 인스턴스,2019-11-12,31245.0,224.0,60.0,생활코딩
uvYWAfZzb8k,JAVA 객체 지향 프로그래밍 - 1. 수업소개,2019-11-12,47288.0,345.0,28.0,생활코딩
1HE1TdRzywE,JAVA method - 4. 메소드의 입력,2019-11-04,13307.0,114.0,12.0,생활코딩
WfF-U4jGZL4,JAVA method - 8. 부록 - access level modifiers,2019-11-04,6922.0,87.0,6.0,생활코딩
fhIDPeZ1sEM,JAVA method - 5. 메소드의 출력,2019-11-04,13332.0,92.0,31.0,생활코딩
ljHzQwL02LM,JAVA method - 2. 이미 익숙한 메소드,2019-11-04,14428.0,111.0,9.0,생활코딩
o3NJ4uwMl44,JAVA method - 3. 메소드의 기본 형식,2019-11-04,14142.0,117.0,13.0,생활코딩
sQEmlaNXJZk,JAVA method - 1. 수업소개,2019-11-04,22076.0,139.0,12.0,생활코딩
tcxf9epFD_U,JAVA method - 9. 부록 - static,2019-11-04,9120.0,169.0,29.0,생활코딩
x5bahc3TiwA,JAVA method - 7. 수업을 마치며,2019-11-04,6793.0,100.0,18.0,생활코딩
tLLv1Ui39R0,JAVA 제어문 - 7.3. 반복문 + 배열,2019-10-28,8106.0,80.0,7.0,생활코딩
lBDRfkQnvlU,JAVA 제어문 - 6. 논리 연산자,2019-10-28,4650.0,66.0,2.0,생활코딩
tjVzNd8GzMo,JAVA 제어문 - 4.2. 조건문 응용,2019-10-28,8459.0,76.0,9.0,생활코딩
gzpYcFkcnSY,JAVA 제어문 - 4.3. 조건문 응용,2019-10-28,7670.0,80.0,7.0,생활코딩
3TZ8k3VX87A,JAVA 제어문 - 3. 비교연산자,2019-10-28,9329.0,70.0,5.0,생활코딩
4B-Iup2UEWM,JAVA 제어문 - 8.1. 종합응용 1,2019-10-28,8629.0,71.0,19.0,생활코딩
S58LemCclek,JAVA 제어문 - 7.1. 반복문,2019-10-28,9259.0,85.0,10.0,생활코딩
aTdK2I6xiR0,JAVA 제어문 - 8.2. 종합응용 2과 수업을 마치며,2019-10-28,6867.0,111.0,33.0,생활코딩
2yLW1YKf420,JAVA 제어문 - 7.2. 배열,2019-10-28,8145.0,97.0,7.0,생활코딩
6X1jsQQtwmo,JAVA 제어문 - 5. == vs equals,2019-10-28,10394.0,122.0,14.0,생활코딩
9fVFYSYIyyw,JAVA 제어문 - 2. Boolean Datatype,2019-10-28,12585.0,96.0,4.0,생활코딩
A_2Gl055OSc,JAVA 제어문 - 4.1. 조건문 형식,2019-10-28,9989.0,83.0,7.0,생활코딩
4Nr6x_yH3Iw,JAVA 제어문 - 1. 수업소개,2019-10-28,22314.0,135.0,10.0,생활코딩
sMBu20ZZwzE,JAVA1 - 14.7. 나의 앱 만들기 - 배열,2019-10-22,13534.0,169.0,35.0,생활코딩
y-qUWhanlkM,JAVA1 - 14.6. 나의 앱 만들기 - 조건문,2019-10-22,15001.0,145.0,24.0,생활코딩
l8hrA4VSIlA,JAVA - 14.10. 나의 앱 만들기 - 클래스,2019-10-22,16883.0,184.0,30.0,생활코딩
qTcn-a3vo6E,JAVA1 - 15. 수업을 마치며,2019-10-22,12800.0,334.0,134.0,생활코딩
XXFaCUcwWIk,JAVA - 14.9. 나의 앱 만들기 - 메소드,2019-10-22,16131.0,207.0,71.0,생활코딩
TOptBzGgJOw,JAVA1 - 14.11. 나의 앱 만들기 - 인스턴스,2019-10-22,14710.0,213.0,64.0,생활코딩
7s13YHf3MAI,JAVA1 - 14.5. 나의 앱 만들기 - 오리엔테이션2,2019-10-22,14119.0,170.0,15.0,생활코딩
4-5tmh5Krk8,JAVA1 - 14.8. 나의 앱 만들기 - 반복문,2019-10-22,12620.0,155.0,39.0,생활코딩
iYPQ20VgQUU,JAVA1 - 14.4. 나의 앱 만들기 - 입력값 도입,2019-10-21,16214.0,162.0,44.0,생활코딩
mphrv80VaQI,JAVA1 - 14.1. 나의 앱 만들기 - 오리엔테이션,2019-10-21,21918.0,196.0,27.0,생활코딩
RSTVfycyssA,JAVA1 - 14.2. 나의 앱 만들기 - 기본 기능 구현,2019-10-21,19573.0,195.0,36.0,생활코딩
7Wg74I0QLaE,JAVA1 - 14.3. 나의 앱 만들기 - 변수도입,2019-10-21,15688.0,159.0,52.0,생활코딩
LdWx-kHRoH4,JAVA1 - 13.5. 자바 문서 보는 법 - 상속,2019-10-20,16599.0,226.0,82.0,생활코딩
kSH6-DU68fo,"JAVA1 - 13.2. 자바 문서 보는 법 - 패키지,클래스,변수,메소드",2019-10-20,20021.0,189.0,51.0,생활코딩
V2PXRfKoCSU,JAVA1 - 13.1. 자바 문서 보는 법 -  API vs UI,2019-10-20,20016.0,170.0,15.0,생활코딩
NoXg98bgjT4,JAVA1 - 13.4. 자바 문서 보는 법 - 인스턴스,2019-10-20,19328.0,227.0,69.0,생활코딩
5z5OBTWLeQY,JAVA1 - 13.3. 자바 문서 보는 법 - 클래스,2019-10-20,18641.0,144.0,46.0,생활코딩
uj2mOvjhj4o,JAVA1 - 12.4. 직접 컴파일하고 실행하기 : 라이브러리 이용,2019-10-17,17209.0,143.0,42.0,생활코딩
KMFJ7AZQSeI,JAVA1 - 12.5. 직접 컴파일하고 실행하기 - 입력과 출력,2019-10-17,13987.0,117.0,37.0,생활코딩
1YbZmwh9ziU,JAVA1 - 12.1. 직접 컴파일하고 실행하기 : 소개,2019-10-17,21114.0,194.0,13.0,생활코딩
63zfmC1uL0g,JAVA1 - 12.2. 직접 컴파일하고 실행하기 : 실행환경 살펴보기,2019-10-17,19521.0,164.0,30.0,생활코딩
-xllzUahaFQ,JAVA1 - 11.1. 입력과 출력,2019-10-17,34478.0,270.0,44.0,생활코딩
2foYALda07o,JAVA1 - 12.3. 직접 컴파일하고 실행하기 : 컴파일과 실행하기,2019-10-17,17876.0,147.0,35.0,생활코딩
66S529MuxpY,JAVA1 - 11.2. 입력과 출력 : arguments & parameter,2019-10-17,23789.0,203.0,85.0,생활코딩
x4LXhjzv8q4,JAVA1 - 9.3. IOT 프로그램 만들기,2019-10-16,32463.0,256.0,69.0,생활코딩
ejPBOti5omY,JAVA1 - 9.1. 프로그래밍이란 무엇인가?,2019-10-16,28971.0,238.0,38.0,생활코딩
nUSJaO4khdc,JAVA1 - 10. 디버거,2019-10-16,35503.0,356.0,61.0,생활코딩
GHmzWls2irk,JAVA1 - 9.2. 프로그램 만들기 - IoT 라이브러리 설치하기,2019-10-16,30060.0,202.0,31.0,생활코딩
GUpmH11BF2Y,JAVA1 - 8.2. 변수의 효용,2019-10-15,25215.0,199.0,54.0,생활코딩
FtWGiWBNJ-I,JAVA1 - 8.1. 변수의 정의,2019-10-15,32133.0,263.0,56.0,생활코딩
LeTbH63CpRo,JAVA1 - 8.3. 데이터 타입의 변환 (casting),2019-10-15,26895.0,245.0,59.0,생활코딩
y20Fhlseh4w,JAVA1 - 6.5. 문자열 다루기,2019-10-14,26796.0,233.0,41.0,생활코딩
_D13-YBz4qk,JAVA1 - 6.2. 데이터 타입,2019-10-14,47772.0,287.0,97.0,생활코딩
WWAicgDYBDg,JAVA1 - 6.1. 데이터와 연산,2019-10-14,43360.0,246.0,8.0,생활코딩
DCa3qo8Pm6E,JAVA1 - 6.4. 문자열의 표현,2019-10-14,32445.0,238.0,65.0,생활코딩
7D-h_PbJ3I8,Java1 - 7. 작심삼일 공학,2019-10-14,28137.0,443.0,47.0,생활코딩
3atGGWQYaiU,JAVA1 - 6.3. 숫자와 연산,2019-10-14,35233.0,240.0,37.0,생활코딩
HP9Nvm3Ae_U,자바야학의 학우를 모집합니다,2019-10-13,2580.0,108.0,37.0,생활코딩
pUqRAHxpxjM,4.1. 실행 - HelloWorld,2019-10-11,84157.0,435.0,106.0,생활코딩
hH7R55kPENo,JAVA1 - 2.0. 온라인 실습 환경 장만하기,2019-10-10,50710.0,381.0,34.0,생활코딩
Wtb755nwIwo,JAVA1 - 4.1.A/S 강의 - Editor dose not contain a main type 오류가 발생할 때,2019-10-10,44423.0,225.0,27.0,생활코딩
8Ink45kZTA4,JAVA1 - 5.c 안드로이드 애플리케이션 만들기,2019-10-09,68018.0,436.0,28.0,생활코딩
hbk1twmxzF4,JAVA1 - 5.b. 사물을 자바로 제어하기,2019-10-09,39261.0,369.0,34.0,생활코딩
bZuoyW26zW4,JAVA1 - 5.a. 데스크톱 애플리케이션 만들기,2019-10-09,49948.0,226.0,33.0,생활코딩
AuiMh9bGTKI,JAVA1 - 5. Hello Java World,2019-10-09,39248.0,266.0,14.0,생활코딩
9V0rdrm59X4,JAVA1 - 4.2. 실행 - Java의 동작원리,2019-10-09,45941.0,421.0,68.0,생활코딩
A69209AzrQo,JAVA1 - 3. java 개발환경 eclipse 설치,2019-10-09,69518.0,262.0,88.0,생활코딩
QFtAgesZY_g,JAVA1 - 2.c. Java설치 - 윈도우,2019-10-09,53173.0,253.0,72.0,생활코딩
e6FnXIK4jbo,JAVA1 - 2.b. Java설치 - Linux,2019-10-09,10884.0,43.0,9.0,생활코딩
rO_2l8rw4yc,JAVA1 - 2.a. Java설치 - MacOS,2019-10-09,22040.0,111.0,9.0,생활코딩
-dPXqgWQBGE,JAVA1 - 1. 수업소개,2019-10-09,134399.0,945.0,206.0,생활코딩
ZMoB1SZ4Ceg,git 히스토리를 마음대로 편집하기 - interactive rebase,2019-09-06,3257.0,56.0,12.0,생활코딩
wZnlUeJgDF0,관계형 데이터 모델링 - 5.5.2. N:M 관계의 처리 - 내용 정정,2019-08-21,10170.0,65.0,8.0,생활코딩
Oxg9ZRrmOoM,Oracle - 17. 수업을 마치며,2019-08-20,3728.0,67.0,18.0,생활코딩
Df0WEL2--W4,Oracle - 16.4. 테이블 분해 조립 - 조립 실행하기 JOIN,2019-08-20,4553.0,41.0,8.0,생활코딩
u0nWMz-XYk4,Oracle - 16.3. 테이블 분해 조립 - 분해 실행하기,2019-08-20,4303.0,35.0,5.0,생활코딩
pCnCSGxKFBY,Oracle - 16.2. 테이블의 분해 조립 - 조립하기,2019-08-20,4359.0,45.0,27.0,생활코딩
k4motIvVxsk,Oracle - 16.1. 테이블의 분해 조립 - 분해하기,2019-08-20,6093.0,56.0,10.0,생활코딩
9TYOmBnVV6Y,코딩야학 6기 졸업식 - 2019년 8월 19일,2019-08-19,1964.0,50.0,4.0,생활코딩
W-SL28M7luc,임베디드 톰켓 사용법,2019-08-19,1693.0,40.0,1.0,생활코딩
3x_AwBDWiJc,코딩야학 6기 라이브 - 2019년 8월 14일,2019-08-14,2009.0,57.0,8.0,생활코딩
uhq3D34JZ2o,Oracle - 15. SQL Developer,2019-08-14,13879.0,90.0,10.0,생활코딩
BoTAicr1lzg,Oracle - 10. 행 수정,2019-08-14,5024.0,40.0,6.0,생활코딩
a73YBNVkAQY,Oracle - 11. 행 삭제,2019-08-14,4292.0,39.0,8.0,생활코딩
gJy8yQAOij0,Oracle - 13. SEQUENCE,2019-08-14,6080.0,61.0,10.0,생활코딩
pwSToT_swDY,Oracle - 12. PRIMARY KEY,2019-08-14,6453.0,51.0,12.0,생활코딩
CUeRsdIJmHY,Oracle - 14. 서버와 클라이언트,2019-08-14,6121.0,69.0,6.0,생활코딩
U_hEc0sZC-c,코딩야학 6기 라이브 - 2019년 8월 13일,2019-08-13,1394.0,37.0,0.0,생활코딩
LCRy7lnrXTw,Oracle - 9.3. 행 읽기 - 정렬과 페이징,2019-08-13,5916.0,57.0,10.0,생활코딩
eEutkq5fZYY,Oracle - 9.2. 행 읽기 - 행과 컬럼 제한하기,2019-08-13,5785.0,36.0,4.0,생활코딩
knVAIvF7YwU,Oracle - 9.1.행 읽기 - Select 문의 기본 형식,2019-08-13,6828.0,42.0,5.0,생활코딩
aPo0-D2jh2k,코딩야학 6기 라이브 - 2019년 8월 12일,2019-08-12,1530.0,46.0,4.0,생활코딩
nDaD5YJSJLo,Oracle - 8. SQL이란?,2019-08-12,12345.0,108.0,11.0,생활코딩
lPtpRlum6_8,Oracle - 7. 행 추가,2019-08-12,7428.0,46.0,5.0,생활코딩
xDfjoK1dhUA,Oracle - 6.2. 테이블 생성,2019-08-12,11049.0,77.0,6.0,생활코딩
RiWXpgFDw1I,Oracle - 6.1. 테이블 생성,2019-08-12,10841.0,41.0,4.0,생활코딩
225_rW-tKmY,Oracle - 5.3. 사용자 권한 부여,2019-08-12,9238.0,42.0,7.0,생활코딩
AbTm9GAl5Vs,Oracle - 5.2. 사용자 생성,2019-08-12,13094.0,61.0,9.0,생활코딩
CRN4fRRS60E,Oracle - 5.1 사용자와 스키마,2019-08-12,13834.0,112.0,12.0,생활코딩
8NXfJLV41GM,코딩야학 6기 라이브 - 2019년 8월 9일,2019-08-09,1489.0,51.0,2.0,생활코딩
CQEEWpQk0I4,코딩야학 6기 라이브 - 2019년 8월 8일,2019-08-08,1756.0,58.0,1.0,생활코딩
PfbF2a_74pk,코딩야학 6기 라이브 - 2019년 8월 7일,2019-08-07,1579.0,49.0,3.0,생활코딩
UqekUuGHGoc,코딩야학 6기 라이브 - 2019년 8월 6일,2019-08-06,1948.0,51.0,2.0,생활코딩
jpclzQFp2CE,Oracle - 2.2. 가격정책,2019-08-06,8681.0,67.0,6.0,생활코딩
-YHRgmomktw,Oracle - 2.1. 가격 정책,2019-08-06,11938.0,83.0,8.0,생활코딩
RK7BMNxi9OM,Oracle - 3. 설치,2019-08-06,13158.0,80.0,7.0,생활코딩
YtFVsPmGReA,Oracle - 4. '나 이거 할 줄 알아'의 최소 단위들,2019-08-06,12467.0,88.0,8.0,생활코딩
pTvm2uX8c78,코딩야학 6기 라이브 - 2019년 8월 5일,2019-08-05,2454.0,71.0,3.0,생활코딩
OAHb0c6jlTE,코딩야학 6기 라이브 - 2019년 8월 2일,2019-08-02,3014.0,106.0,0.0,생활코딩
VxNc0C9KR8E,코딩야학 6기 라이브 - 2019년 8월 1일,2019-08-01,5826.0,170.0,19.0,생활코딩
N3IAR4DSJYQ,코딩야학 6기를 모집 합니다 . (이벤트에도 참여해주세요),2019-07-23,8415.0,343.0,128.0,생활코딩
dqcOa-fVWWo,Oracle - 1. 수업소개,2019-07-08,36952.0,233.0,27.0,생활코딩
qJtOBj7wp7Y,관계형 데이터 모델링 - 8. 수업을 마치며,2019-06-27,4792.0,133.0,26.0,생활코딩
oIYoS--DtbI,관계형 데이터 모델링 - 7.5. 역정규화 : 표를 쪼개기,2019-06-26,5526.0,54.0,1.0,생활코딩
vJNEVsnY8K4,관계형 데이터 모델링 - 7.1. 물리적 데이터 모델링,2019-06-26,8056.0,79.0,2.0,생활코딩
67tWzoFr4BY,관계형 데이터 모델링 - 7.4. 역정규화 : 컬럼을 조작해서 계산을 줄이기,2019-06-26,5679.0,42.0,2.0,생활코딩
f_KCIBfEhNY,관계형 데이터 모델링 - 7.3. 역정규화 : 컬럼을 조작해서 join을 줄이기,2019-06-26,6723.0,51.0,2.0,생활코딩
o3K572MC8Q0,관계형 데이터 모델링 - 7.6. 역정규화 : 관계의 역정규화,2019-06-26,5167.0,48.0,3.0,생활코딩
qx0m1YXGel4,관계형 데이터 모델링 - 7.2. 역정규화 소개,2019-06-26,7384.0,64.0,2.0,생활코딩
aS9FoCNlt3o,관계형 데이터 모델링 - 6.4. 제3 정규화,2019-06-17,11408.0,133.0,7.0,생활코딩
qElOVXBqih8,관계형 데이터 모델링 - 6.4. 제3 정규화,2019-06-17,424.0,6.0,0.0,생활코딩
7meeyknh7yE,관계형 데이터 모델링 - 6.3. 제2 정규화,2019-06-17,12453.0,99.0,9.0,생활코딩
FYDHJbIwm5Y,관계형 데이터 모델링 - 6.2. 제1 정규화,2019-06-17,17322.0,170.0,8.0,생활코딩
iu8W0zCiGb8,관계형 데이터 모델링 - 6.1. 정규화 소개,2019-06-17,12623.0,114.0,2.0,생활코딩
PN121bbdgSM,관계형 데이터 모델링 - 5.5.1. N:M 관계의 처리,2019-06-11,12889.0,108.0,1.0,생활코딩
X0pby7zzfVE,관계형 데이터 모델링 - 5.4. 1:N 관계의 처리,2019-06-11,11578.0,69.0,5.0,생활코딩
hGVdzWstuqc,관계형 데이터 모델링 - 5.5.2. N:M 관계의 처리,2019-06-11,1376.0,11.0,5.0,생활코딩
y6Rpp9yEMQI,관계형 데이터 모델링 - 5.3. 1:1 관계의 처리,2019-06-11,14089.0,101.0,5.0,생활코딩
c7o4ygOnP1M,관계형 데이터 모델링 - 5.2. 테이블과 컬럼 생성,2019-06-10,14375.0,91.0,3.0,생활코딩
WIckks0nJbQ,관계형 데이터 모델링 - 5.1. 논리적 데이터 모델링,2019-06-10,13976.0,108.0,2.0,생활코딩
ozQ2o8oJigc,관계형 데이터 모델링 - 4.11. Entity Relationship Diagram Helper,2019-06-10,12361.0,103.0,6.0,생활코딩
J5b38kTWFNU,관계형 데이터 모델링 - 4.10. ERD 완성,2019-06-10,24753.0,156.0,14.0,생활코딩
RHrp8xsgVr8,관계형 데이터 모델링 - 4.8. Cardinality,2019-06-10,15694.0,157.0,9.0,생활코딩
N9NeNEhwGBY,관계형 데이터 모델링 - 4.9. Optionality,2019-06-10,13125.0,100.0,9.0,생활코딩
wd-hcHHnNBY,관계형 데이터 모델링 - 4.7. 엔티티간의 연결,2019-06-10,13809.0,87.0,4.0,생활코딩
4i3OUdHqMWc,관계형 데이터 모델링 - 4.6. 식별자 지정,2019-06-10,16121.0,143.0,6.0,생활코딩
5rOOOqBpcYs,관계형 데이터 모델링 - 4.4. 엔티티 정의,2019-06-10,17816.0,134.0,5.0,생활코딩
87bF4yyfVuY,관계형 데이터 모델링 - 4.5. 속성 정의,2019-06-10,16414.0,101.0,0.0,생활코딩
hbZ96tnbN4M,관계형 데이터 모델링 - 4.2. 관계형 데이터베이스 다운 개념의 구조,2019-06-09,19879.0,156.0,7.0,생활코딩
E6LbuLoU6rc,관계형 데이터 모델링 - 4.3. ERD의 구성요소,2019-06-09,21493.0,171.0,6.0,생활코딩
moAXl6fvDO0,관계형 데이터 모델링 - 4.1. 개념적 데이터 모델링 소개,2019-06-09,23977.0,206.0,5.0,생활코딩
rWEaUh4DjUo,관계형 데이터 모델링 - 3.2. 기획,2019-06-07,17262.0,142.0,2.0,생활코딩
EuJVVOXrOSI,관계형 데이터 모델링 - 3.1. 업무파악 : 인트로,2019-06-07,18221.0,179.0,5.0,생활코딩
zZmRQHgLhMo,관계형 데이터 모델링 - 2. 전체 흐름,2019-06-07,21857.0,205.0,7.0,생활코딩
1d38YZKCM88,관계형 데이터 모델링 - 1. 수업소개,2019-06-05,45662.0,365.0,11.0,생활코딩
VhaHpQG6UwQ,MySQL Index - 1. 수업소개,2019-05-31,3595.0,57.0,14.0,생활코딩
0gfkXzejIy4,구글 칼린더 일정 이름 가리기 - 보편적이지 않은 코딩,2019-05-31,2021.0,32.0,3.0,생활코딩
2cplRFxGC9o,SQL JOIN - 3. JOIN 실습준비,2019-05-27,12869.0,100.0,4.0,생활코딩
pJqBR2TNe24,SQL JOIN - 4. LEFT JOIN,2019-05-27,25076.0,297.0,23.0,생활코딩
bifvrEkXx-4,SQL JOIN - 7. EXCLUSIVE JOIN,2019-05-26,7445.0,71.0,4.0,생활코딩
Au8xMoxt1aE,SQL JOIN - 8. 수업을 마치며,2019-05-26,4951.0,95.0,16.0,생활코딩
Zn-cECPEORU,SQL JOIN - 6. FULL OUTER JOIN,2019-05-26,9106.0,79.0,8.0,생활코딩
WnB1Kn8VbfU,SQL JOIN - 5. INNER JOIN,2019-05-26,14240.0,131.0,8.0,생활코딩
yCbJ1D1Ylik,SQL JOIN - 2. 테이블 쪼개기,2019-05-26,17263.0,160.0,6.0,생활코딩
2Xa54XBXbk0,SQL JOIN - 1. 수업소개,2019-05-22,29346.0,217.0,11.0,생활코딩
dRcahbiS5zk,Redux - 8. 수업을 마치며,2019-05-09,4119.0,142.0,40.0,생활코딩
2s6s4IHzGSs,Redux - 7.7. 실전 Redux : 글삭제 기능 구현,2019-05-09,4880.0,62.0,8.0,생활코딩
Ah_-BUs4uW8,Redux - 7.6. 실전 Redux : 글생성 기능 구현,2019-05-09,5706.0,65.0,5.0,생활코딩
zMTqWoe25aU,Redux - 7.5. 실전 Redux : subscribe를 통해서 자동 갱신 되도록 처리,2019-05-09,5483.0,49.0,4.0,생활코딩
ldxFOG4GfLk,Redux - 7.4. 실전 Redux : action을 dispatch를 통해서 전달하기,2019-05-09,6312.0,65.0,3.0,생활코딩
NK7p71gDVTU,Redux - 7.3. 실전 Redux : store 생성과 state 사용하기,2019-05-09,6295.0,55.0,3.0,생활코딩
HmOSizB0vKw,Redux - 7.2. 실전 Redux : 부품화,2019-05-09,5816.0,59.0,2.0,생활코딩
dNPyoHW1A8A,Redux - 6. Redux 선물 : 시간여행과 로깅,2019-05-09,7557.0,108.0,17.0,생활코딩
MqdUNIWMhbc,Redux - 7.1. 실전 Redux : 정적인 웹페이지 만들기,2019-05-09,6669.0,61.0,2.0,생활코딩
SnND3Fj3eJc,Redux - 5.3. Redux의 적용 : state의 변화에 따라서 UI 반영하기,2019-05-09,8081.0,114.0,24.0,생활코딩
6n4MCp4pI5A,Redux - 5.2. Redux의 적용 : reducer와 action을 이용해서 새로운 state 값 만들기,2019-05-09,9551.0,96.0,7.0,생활코딩
8EhmwDKSeJQ,Redux - 5.1. Redux의 적용 : store 생성,2019-05-09,11771.0,98.0,7.0,생활코딩
ijdFixuK1nI,Redux - 3. Redux가 좋은 가장 중요한 이유,2019-05-09,11628.0,171.0,6.0,생활코딩
N9PT9iNTZAE,Redux - 2.1. 리덕스 여행의 지도 : 소개,2019-05-09,13828.0,150.0,4.0,생활코딩
1U0vBNHyKaw,Redux - 2.2. 리덕스 여행의 지도 : state와 render의 관계,2019-05-09,12458.0,129.0,6.0,생활코딩
F_NLNBOqZrQ,Redux - 2.3. 리덕스 여행의 지도 : action과 reducer,2019-05-09,12031.0,121.0,10.0,생활코딩
bn-8isrtx0k,Redux - 4. Redux가 없다면,2019-05-09,9808.0,80.0,8.0,생활코딩
Jr9i3Lgb5Qc,Redux - 1. 수업소개,2019-05-06,33609.0,349.0,21.0,생활코딩
6xRhsyoz0M4,JavaScript immutability - 8. 수업을 마치며,2019-05-06,2706.0,110.0,11.0,생활코딩
J0R1D2_WHnc,JavaScript immutability - 6. Object freeze로 객체를 불변하게 만들기,2019-05-06,2989.0,47.0,3.0,생활코딩
ekCb6ta9AW0,JavaScript immutability - 5. 가변과 불변 API 비교,2019-05-06,2896.0,40.0,1.0,생활코딩
ol239ZUGwHg,JavaScript immutability - 7. const vs object freeze,2019-05-06,2896.0,43.0,6.0,생활코딩
unxK9p6G7YE,JavaScript immutability - 4. 불변의 함수 만들기,2019-05-06,3414.0,49.0,0.0,생활코딩
HN1-5v81Fzc,JavaScript immutability - 3.4. 중첩된 객체의 복사,2019-05-03,3531.0,63.0,4.0,생활코딩
IcTLV1TRgLU,JavaScript immutability - 2. 이름에 대한 불변함 : const vs var,2019-05-03,4797.0,55.0,1.0,생활코딩
Zm2r5cOFrVU,JavaScript immutability - 3.3. 객체의 복사,2019-05-03,3509.0,47.0,2.0,생활코딩
fDJG4CjbB3A,JavaScript immutability - 3.2. 객체의 가변성,2019-05-03,3393.0,42.0,4.0,생활코딩
odymmcPGAWc,JavaScript immutability - 3.0. 변수 할당 방식 비교,2019-05-03,3941.0,43.0,0.0,생활코딩
z19d22-FO-s,JavaScript immutability - 3.1. 초기 값의 비교,2019-05-03,3894.0,46.0,4.0,생활코딩
RcwrSBvJOaw,console.log에서 css 사용하기,2019-05-03,6853.0,41.0,4.0,생활코딩
iJcSFzR9s8Y,JavaScript Immutability : 1. 수업소개,2019-05-02,13788.0,152.0,6.0,생활코딩
jukwa3_4LdI,React - 22. 수업을 마치며,2019-05-01,11763.0,424.0,122.0,생활코딩
twJXBIy4Rqo,React - 20.3. update 구현 : state 변경,2019-05-01,13007.0,129.0,24.0,생활코딩
QxQvKM6hzDk,React - 21. delete 구현,2019-05-01,12382.0,271.0,64.0,생활코딩
YKdebEty6uQ,React - 20.1. update 구현,2019-05-01,16498.0,133.0,7.0,생활코딩
C9wMiD_5Y1A,React - 20.2. update 구현 : form,2019-05-01,14139.0,112.0,13.0,생활코딩
SLb4p9T-yZA,React - 19.7. create 구현 : shouldComponentUpdate,2019-04-30,14625.0,255.0,27.0,생활코딩
y5FAg6bJmwE,React - 19.5. create 구현 : onSubmit 이벤트,2019-04-30,14490.0,138.0,8.0,생활코딩
nwwJ2xU7E8w,React - 19.1. create 구현 :  소개,2019-04-30,18882.0,186.0,9.0,생활코딩
SkTUocMjXTg,React - 19.8. create 구현 : immutable,2019-04-30,12925.0,177.0,10.0,생활코딩
f8e0YWiM-50,React - 19.3. create 구현 :  mode 전환 기능,2019-04-30,15379.0,142.0,14.0,생활코딩
MDGFEV_idSY,React - 19.2. create 구현 :  mode 변경 기능,2019-04-30,17868.0,131.0,9.0,생활코딩
YJk9PgYnFmI,React - 19.4. create 구현 : form,2019-04-30,14588.0,129.0,8.0,생활코딩
OpLMcB1nRkE,React - 19.6. create 구현 : contents 변경,2019-04-30,14084.0,180.0,14.0,생활코딩
b9IaQ3Dkucw,React - 18. 베이스 캠프,2019-04-30,20244.0,251.0,36.0,생활코딩
hR5H0OFksx8,React - 17.2. 컴포넌트 이벤트 만들기,2019-04-29,21231.0,134.0,7.0,생활코딩
11mTvRtXx4g,React - 17.3. 컴포넌트 이벤트 만들기,2019-04-29,24689.0,322.0,52.0,생활코딩
3h7MidkDTBU,React - 16.2. 이벤트 설치,2019-04-29,28058.0,202.0,20.0,생활코딩
PTRpJNMiMdA,React - 16.5. 이벤트 setState 함수 이해하기,2019-04-29,21649.0,163.0,13.0,생활코딩
h7GdhY_m8nM,React - 16.3. 이벤트에서 state 변경하기,2019-04-29,24341.0,203.0,18.0,생활코딩
o7Id7GMcuFo,React - 16.4. 이벤트 bind 함수 이해하기,2019-04-29,23080.0,228.0,19.0,생활코딩
NFR7vDArVlY,React - 17.1. 컴포넌트 이벤트 만들기,2019-04-29,24783.0,192.0,15.0,생활코딩
kviidk347nU,React - 16.1. 이벤트 state props 그리고 render 함수,2019-04-29,38058.0,262.0,26.0,생활코딩
sAFNZuzFEPo,React - 15.3. key,2019-04-26,37234.0,257.0,58.0,생활코딩
e2c1EUcW7oo,React - 15.2. State 사용,2019-04-26,35923.0,253.0,22.0,생활코딩
rOpg2KUPW2M,React - 15.1. State 소개,2019-04-25,34269.0,327.0,9.0,생활코딩
wzii1e_QWgc,React - 11.1. 컴포넌트 만들기 1,2019-04-25,45924.0,282.0,18.0,생활코딩
pPCC2JWbPgk,React - 12. props,2019-04-25,41013.0,366.0,30.0,생활코딩
J3WQKH35f0M,React - 11.2. 컴포넌트 만들기 2,2019-04-25,34806.0,287.0,29.0,생활코딩
QG4RxNHz-bc,React - 10. 리액트가 없다면,2019-04-25,40199.0,268.0,22.0,생활코딩
8hGqznPGVc0,React - 14. Component 파일로 분리하기,2019-04-25,34945.0,254.0,23.0,생활코딩
FWVnIe_9-1w,React - 13. React Developer Tools,2019-04-25,35021.0,388.0,27.0,생활코딩
FbNvDu-XTVg,React - 8. CSS 코딩하는 법,2019-04-24,40734.0,213.0,6.0,생활코딩
LEPiRfPD9Uw,React - 7. JS 코딩하는 법,2019-04-24,56745.0,286.0,27.0,생활코딩
EZeKDkjYTts,React - 5. create react app을 이용해서 개발환경구축,2019-04-24,11539.0,57.0,14.0,생활코딩
Sh-Q8ltkcr0,React - 4. npm을 이용해서 create react app 설치,2019-04-24,11704.0,63.0,1.0,생활코딩
Vjbpzvt4l1k,React - 3. 개발환경의 종류,2019-04-24,48636.0,317.0,8.0,생활코딩
Jpcf8jcTE0Q,React - 2. 공부 전략,2019-04-24,43640.0,337.0,9.0,생활코딩
E_-ua6uCQOU,React - 9. 배포하는 법,2019-04-23,48163.0,341.0,27.0,생활코딩
O58tOX0CtoY,React - 6. 샘플 웹앱 실행,2019-04-23,57623.0,257.0,33.0,생활코딩
nBDr6JXw3Zo,AWS Educate - 선생님 0. 구경하기,2019-04-23,719.0,9.0,1.0,생활코딩
XMb0w3KMw00,React - 1. 수업소개,2019-04-21,161296.0,1045.0,57.0,생활코딩
D7YYXxS1nvE,JavaScript 객체 지향 프로그래밍 -17. 수업을 마치며,2019-04-10,3811.0,178.0,56.0,생활코딩
Aqb6pMVTwcM,JavaScript 객체 지향 프로그래밍 - 16.5. 생성자 함수를 통한 상속 : constructor 속성 바로잡기,2019-04-10,4117.0,68.0,8.0,생활코딩
QgVwiFoa0qU,JavaScript 객체 지향 프로그래밍 - 16.4. 생성자 함수를 통한 상속 : constructor 속성은 무엇인가?,2019-04-10,4131.0,69.0,6.0,생활코딩
ALRIptiFBu8,JavaScript 객체 지향 프로그래밍 - 16.3. 생성자 함수를 통한 상속 : 부모와 연결하기,2019-04-10,5041.0,73.0,9.0,생활코딩
JWUX7wELXgI,JavaScript 객체 지향 프로그래밍 - 16.2. 생성자 함수를 통한 상속 : 부모 생성자 실행,2019-04-10,4574.0,62.0,6.0,생활코딩
FiWrvK_Lzqo,JavaScript 객체 지향 프로그래밍 - 16.1. 생성자 함수를 통한 상속 : 소개,2019-04-10,4733.0,75.0,5.0,생활코딩
wT1Bl5uV27Y,JavaScript 객체 지향 프로그래밍 - 15. prototype vs proto,2019-04-09,11772.0,280.0,23.0,생활코딩
wOiteGyan-I,JavaScript 객체 지향 프로그래밍 - 14.3. bind,2019-04-09,5598.0,81.0,9.0,생활코딩
WwRJXmQ9_Rc,JavaScript 객체 지향 프로그래밍 - 14.2. call,2019-04-09,5817.0,76.0,8.0,생활코딩
NKcgIk63PQs,JavaScript 객체 지향 프로그래밍 - 14.1. 객체와 함수,2019-04-09,4912.0,57.0,5.0,생활코딩
GoDRSKENDfc,JavaScript 객체 지향 프로그래밍 - 13.4. 객체상속의 사용,2019-04-09,5355.0,86.0,6.0,생활코딩
d38gsOZKoVY,JavaScript 객체 지향 프로그래밍 - 13.3. Object.create(),2019-04-09,5767.0,84.0,6.0,생활코딩
339RrPTZTEU,JavaScript 객체 지향 프로그래밍 - 13.1. object inheritance,2019-04-09,6554.0,92.0,6.0,생활코딩
gthQmqW_Dk4,JavaScript 객체 지향 프로그래밍 - 13.2. __proto__,2019-04-09,6695.0,91.0,11.0,생활코딩
Qx0YKJj3ySo,JavaScript 객체 지향 프로그래밍 - 12. super,2019-04-08,8028.0,101.0,20.0,생활코딩
xKQhc8v9R2A,JavaScript 객체 지향 프로그래밍 - 11. 상속,2019-04-08,8560.0,128.0,17.0,생활코딩
PLLzBsrYx3o,JavaScript 객체 지향 프로그래밍 - 10. 메소드 구현,2019-04-08,7544.0,65.0,21.0,생활코딩
LF23zkHIODQ,JavaScript 객체 지향 프로그래밍 - 9. class의 constructor function,2019-04-08,9031.0,106.0,8.0,생활코딩
cmcx88U7xBE,JavaScript 객체 지향 프로그래밍 - 8.1. Classes,2019-04-08,9145.0,133.0,7.0,생활코딩
yJNmdGlcE6s,JavaScript 객체 지향 프로그래밍 - 8.2. Classes 의 생성,2019-04-08,7957.0,108.0,4.0,생활코딩
7uL0xiFBlJI,JavaScript 객체지향 프로그래밍 - 7.2. prototype을 이용해서 재사용성을 높이기,2019-04-07,9822.0,164.0,43.0,생활코딩
iFiKY8kp_FU,JavaScript 객체지향 프로그래밍 - 7.1. prototype이 필요한 이유,2019-04-07,11135.0,135.0,11.0,생활코딩
-LWOv0PlcRA,JavaScript 객체지향 프로그래밍 - 5. this,2019-04-07,9793.0,151.0,28.0,생활코딩
Wjrp8DHZHoo,JavaScript 객체지향 프로그래밍 - 6.3. constructor 만들기,2019-04-07,8677.0,143.0,32.0,생활코딩
cTR00wW-kZo,JavaScript 객체지향 프로그래밍 - 6.1. constructor의 필요성,2019-04-07,8644.0,115.0,5.0,생활코딩
mY4c8W7izHY,JavaScript 객체지향 프로그래밍 - 6.2. constructor의 사례,2019-04-07,7469.0,67.0,5.0,생활코딩
uvMa1va4CvI,JavaScript 객체지향 프로그래밍 - 3.2. 객체와 반복문,2019-04-07,8854.0,95.0,9.0,생활코딩
_NGiSW81k9U,JavaScript 객체지향 프로그래밍 - 3.1. 객체의 기본,2019-04-07,12065.0,118.0,8.0,생활코딩
CUALeHdiouw,JavaScript 객체지향 프로그래밍 - 4.2. 객체 만들어 보기,2019-04-06,7874.0,95.0,7.0,생활코딩
05XJHbsaYc0,JavaScript 객체지향 프로그래밍 - 4.1. 객체는 언제 쓰나요?,2019-04-06,8694.0,87.0,3.0,생활코딩
nasmyL-iCo4,JavaScript 객체지향 프로그래밍 - 2. 실습준비,2019-04-06,12297.0,112.0,11.0,생활코딩
DHIlPmJUDzk,JavaScript 객체 지향 프로그래밍 - 1. 수업소개,2019-04-06,30562.0,325.0,24.0,생활코딩
VOc4Rmrlm5I,npm - 5. 수업을 마치며,2019-04-04,1658.0,40.0,2.0,생활코딩
AVeF2LvCzuQ,npm - 4. 패키지의 목록 보기와 업데이트 그리고 삭제,2019-04-04,2596.0,31.0,0.0,생활코딩
3vdTeEhRYzc,npm - 3. 패키지 검색과 설치 그리고 실행,2019-04-04,3881.0,43.0,2.0,생활코딩
Ns5vit5eJss,npm - 2. npm 설치,2019-04-04,4355.0,33.0,1.0,생활코딩
0_rzg33BSS4,npm 1. 수업 소개,2019-04-03,8944.0,130.0,12.0,생활코딩
mJ64l_iONqw,React.js로 웹앱 만들기,2019-04-02,38501.0,517.0,36.0,생활코딩
x-veNFzEEzU,AWS 탐구생활에 참여해보세요.,2019-04-01,7538.0,100.0,5.0,생활코딩
BrJ8gZL3oqU,AWS Educate - 선생님편 3.4 클래스룸 학생 관리,2019-03-31,361.0,6.0,0.0,생활코딩
8pLLh5WKuBM,AWS Educate - 선생님편 3.3. 학생의 클래스룸 참여,2019-03-31,278.0,2.0,0.0,생활코딩
6lg8aX9ZiwE,AWS Educate - 선생님 3.2. 클래스룸에서 클래스 생성,2019-03-31,288.0,2.0,0.0,생활코딩
4xywUFXlo7I,AWS Educate - 선생님편 3.1. 클래스룸 소개,2019-03-31,307.0,2.0,0.0,생활코딩
D_5j7Bssrzc,AWS Educate - 선생님편 1. 회원가입,2019-03-31,581.0,4.0,1.0,생활코딩
v7TAJEJKUl8,AWS Educate - 선생님 2. 클라우드컴퓨터 실습,2019-03-31,378.0,2.0,0.0,생활코딩
R1IBLhTuPjU,AWS Educate - 선생님편 0. 구경하기,2019-03-31,192.0,4.0,0.0,생활코딩
ux3eAvSXjMw,AWS Educate - 학생편 6. 클래스룸 참여방법,2019-03-31,405.0,2.0,1.0,생활코딩
5cPzuWRY7b0,AWS Educate - 학생편. 5 구인구직(jobs),2019-03-31,552.0,3.0,0.0,생활코딩
ZA-dZzFA6yU,AWS Educate - 학생편 4. 이력서(Portfolio),2019-03-31,699.0,6.0,0.0,생활코딩
j5jpcWc8-Nk,AWS Educate - 학생편 3. 무료 강의 (Career pathways),2019-03-31,860.0,8.0,0.0,생활코딩
g_3Hfqr632Q,AWS Educate - 학생편 2. 클라우드 컴퓨팅 실습방법,2019-03-31,1869.0,13.0,1.0,생활코딩
upUaxMaPxm0,AWS Educate - 학생편 1.회원가입,2019-03-31,3362.0,15.0,4.0,생활코딩
0rjCRAWLZdE,AWS Educate - 학생편 0.구경하기,2019-03-31,1331.0,15.0,0.0,생활코딩
rg7QzISdu0Q,AWS Educate - 수업소개,2019-03-31,5719.0,46.0,6.0,생활코딩
FqIL4vZafwU,GIT4 - Reset & Revert 5.3. revert 이론 : 충돌의 원인,2019-03-27,801.0,11.0,1.0,생활코딩
i45nXkHb89c,GIT4 - Reset & Revert 5.4. revert 실습 : 충돌의 해결,2019-03-27,597.0,5.0,4.0,생활코딩
4FsOypG2t1k,GIT4 - Reset & Revert 5.2. revert 실습,2019-03-27,406.0,6.0,0.0,생활코딩
NBb-FFB2mJk,GIT4 - Reset & Revert 5.1. revert 이론,2019-03-27,1107.0,17.0,0.0,생활코딩
DZSZowycr2o,GIT4 - Reset & Revert 4.1. reset --soft vs --mixed vs --hard,2019-03-26,964.0,10.0,2.0,생활코딩
A6jzRmygVXM,GIT4 - Reset & Revert 4.1. reset --soft vs --mixed vs --hard,2019-03-26,1418.0,18.0,2.0,생활코딩
CyWK7tUDOIU,GIT4 - Reset & Revert 3.2. reset vs checkout  실습,2019-03-25,1019.0,12.0,0.0,생활코딩
4tJjPWnNZNw,GIT4 - Reset & Revert 3.1. reset vs checkout  이론,2019-03-25,1164.0,15.0,0.0,생활코딩
Eunds0Kv9gc,GIT4 - Reset & Revert 2. head,2019-03-25,1023.0,8.0,0.0,생활코딩
blfTfahpDRI,GIT4 - Reset & Revert 1. 수업소개,2019-03-25,2149.0,17.0,0.0,생활코딩
J1euNW6q8R8,git4 - cherry-pick & rebase : 5.1. rebase 충돌의 원인과 해결 1/2,2019-03-17,1606.0,15.0,0.0,생활코딩
Z2hVCDcKSL8,git4 - cherry-pick & rebase : 6.1. 협업에서 rebase를 이용해 로그를 깔끔하게 정리하기 1/2,2019-03-17,1412.0,20.0,0.0,생활코딩
r4Y89-PV510,git4 - cherry-pick & rebase : 6.2. 협업에서 rebase를 이용해 로그를 깔끔하게 정리하기 2/2,2019-03-17,1047.0,15.0,2.0,생활코딩
xVZIP11tccY,git4 - cherry-pick & rebase : 5.2. rebase 총돌의 원인과 해결 2/2,2019-03-17,1179.0,16.0,0.0,생활코딩
uW7CfqjnYIQ,GIT4 - cherry-pick & rebase : 4.2.cherry pick 충돌의 원인과 해결 2/2,2019-03-16,1614.0,17.0,0.0,생활코딩
xx2D1vI_u3U,GIT4 - cherry-pick & rebase : 4.1.cherry pick 충돌의 원인과 해결 1/2,2019-03-16,2491.0,26.0,0.0,생활코딩
Dn89gD8gcTA,git4 - cherry-pick & rebase : 3. rebase의 개념과 기본 사용법,2019-03-16,2907.0,36.0,3.0,생활코딩
b4E03UJqPK8,git4 - cherry-pick & rebase : 1. 수업소개,2019-03-16,4127.0,40.0,4.0,생활코딩
w3Qln5QPLZM,git4 - cherry-pick & rebase : 2. cherry-pick의 개념과 기본사용법,2019-03-16,4157.0,43.0,0.0,생활코딩
U7shl7nREEw,git4 - TortoiseGit : 6. pull request,2019-02-26,1821.0,12.0,2.0,생활코딩
XOjwovQYSOQ,git4 - TortoiseGit : 5. 원격브랜치와 fetch,2019-02-26,453.0,5.0,0.0,생활코딩
gRPwiN0JJVc,git4 - TortoiseGit : 1. 수업소개,2019-02-26,1551.0,8.0,0.0,생활코딩
nSKKp11daiM,git4 - TortoiseGit : 4. pull & push,2019-02-26,557.0,5.0,0.0,생활코딩
qPdn0ToDCtw,git4 - TortoiseGit : 2. 혼자 작업하기,2019-02-26,736.0,7.0,0.0,생활코딩
sgEqS1cOitc,git4 - TortoiseGit : 3. 같이 작업하기,2019-02-26,623.0,10.0,0.0,생활코딩
FlECI8gpzm4,git4 - SourceTree 협업 : 5. 원격 브랜치와 fetch,2019-02-25,3099.0,31.0,3.0,생활코딩
J5zpIwTKlLU,git4 - SourceTree 협업 : 4. pull & push,2019-02-25,4241.0,35.0,1.0,생활코딩
Ou0gqak3rHE,git4 - SourceTree 협업 : 2. 혼자 작업하기,2019-02-25,2700.0,27.0,1.0,생활코딩
e4-pyEYzdlg,git4 - SourceTree 협업 : 7. 수업을 마치며,2019-02-25,1119.0,28.0,7.0,생활코딩
pAKuqcMnFxU,git4 - SourceTree 협업 : 6. 오픈소스 방식의 협업 (pull request),2019-02-25,1776.0,18.0,0.0,생활코딩
v8niKCVmUXs,git4 - SourceTree 협업 : 1. 수업소개,2019-02-25,4287.0,36.0,1.0,생활코딩
zVQZbKLu1KU,git4 - SourceTree 협업 : 3. 같이 작업하기,2019-02-25,4539.0,40.0,1.0,생활코딩
9p-9fCjn28I,구글 번역기가 코드까지 번역한다면? - 보편적이지 않은 코딩,2019-02-12,4235.0,93.0,12.0,생활코딩
40egQtJPAxI,GIT4 - CLI 협업 6.2. 오픈소스 참여하기 : pull request,2019-02-11,2162.0,33.0,0.0,생활코딩
7kpSNEz8JQw,GIT4 - CLI 협업 1.수업 소개,2019-02-11,8172.0,57.0,4.0,생활코딩
8XgTDHJdFPw,GIT4 - CLI 협업 5. 원격 브랜치와 FETCH,2019-02-11,4299.0,44.0,1.0,생활코딩
BLm0zsK3K_I,GIT4 - CLI 협업 6.1. 오픈소스 참여하기 : patch,2019-02-11,2394.0,32.0,2.0,생활코딩
GUdOcm7yqws,GIT4 - 협업 6. 수업을 마치며,2019-02-11,2587.0,70.0,9.0,생활코딩
Wn0uN_WvUrA,GIT4 - CLI 협업 4. push & pull,2019-02-11,5000.0,44.0,1.0,생활코딩
XLjwF0h53Vo,GIT4 - CLI 협업 2. 혼자 작업 하기,2019-02-11,5678.0,45.0,0.0,생활코딩
hou5mXBN9gA,GIT4 - CLI 협업 3. 같이 작업하기,2019-02-11,5761.0,40.0,3.0,생활코딩
4UL-O5LyP7w,git3 - TortoiseGit  branch & conflict 4.1. 병합,2019-02-02,473.0,2.0,0.0,생활코딩
6WDDeSDZcwM,git3 - branch & conflict 부록 1.1 HEAD BRANCH COMMIT & CHECKOUT,2019-02-02,5292.0,68.0,3.0,생활코딩
8npBGfy47y0,git3 - branch & conflict 부록 1.2.  checkout vs reset,2019-02-02,4003.0,76.0,9.0,생활코딩
DJ2ICtU2skE,"git3 - TortoiseGit  branch & conflict 4.3. 병합 :  같은파일, 다른부분 병합",2019-02-02,452.0,4.0,3.0,생활코딩
DbrSvW1GXuI,"git3 - CLI branch & conflict 4.3. 병합 : 같은파일, 다른부분 병합",2019-02-02,5357.0,47.0,1.0,생활코딩
FB1se6hEYx8,git3 - Sourcetree branch & conflict 1. 수업소개,2019-02-02,4358.0,40.0,2.0,생활코딩
KvXkzYQVofg,git3 - TortoiseGit  branch & conflict 3. 브랜치의 기본 사용법,2019-02-02,556.0,5.0,0.0,생활코딩
Pr5zHTPLiP8,"git3 - Sourcetree branch & conflict 4.3. 병합 : 같은파일, 다른부분 병합",2019-02-02,1769.0,13.0,0.0,생활코딩
Rd3mK4J-b5c,git3 - CLI branch & conflict 2. 실습준비,2019-02-02,7187.0,42.0,0.0,생활코딩
WYLAsFB-K9Q,git3 - Sourcetree branch & conflict 3.1. 브랜치의 기본사용법,2019-02-02,5159.0,61.0,3.0,생활코딩
ZVTtAOdHUGo,git3 - CLI branch & conflict 6. 외부도구를 이용한 병합,2019-02-02,5387.0,41.0,4.0,생활코딩
qRGwvx_DngI,git3 - Sourcetree branch & conflict 6. 외부도구를 이용한 병합,2019-02-02,1631.0,12.0,0.0,생활코딩
32BjIYA6oZA,git3 - Sourcetree branch & conflict 4.2. 병합 :  서로 다른 파일 병합,2019-02-02,2478.0,19.0,1.0,생활코딩
4sIPZXUC29o,git3 - TortoiseGit  branch & conflict 6. 외부 도구를 이용한 병합,2019-02-02,250.0,2.0,0.0,생활코딩
5iS6cFA7p0Y,git3 - CLI branch & conflict 3.2. 브랜치기본사용법,2019-02-02,5667.0,58.0,1.0,생활코딩
ATwyfd6thpI,"git3 - TortoiseGit  branch & conflict 4.4. 병합 : 같은파일, 같은 부분 병합",2019-02-02,343.0,3.0,0.0,생활코딩
Gcy0E_hMy6E,git3 - Sourcetree branch & conflict 2. 실습준비,2019-02-02,1943.0,12.0,0.0,생활코딩
L0lLMdllUp8,git3 - CLI branch & conflict 1 수업소개,2019-02-02,12122.0,81.0,3.0,생활코딩
RkCcKMkWJ70,"git3 - CLI branch & conflict 4.4. 병합 : 같은파일, 같은부분 병합",2019-02-02,4913.0,57.0,1.0,생활코딩
SJAxw0mcPJY,git3 - TortoiseGit  branch & conflict 2. 실습준비,2019-02-02,459.0,4.0,0.0,생활코딩
XxtjtZ7S1ZQ,"git3 - Sourcetree branch & conflict 4.4. 병합 : 같은파일, 같은부분 병합",2019-02-02,2099.0,34.0,4.0,생활코딩
_PyKRpmtYaY,git3 - Sourcetree branch & conflict 3.2. 브랜치의 기본 사용법,2019-02-02,2074.0,19.0,0.0,생활코딩
bYnLnA-tECE,git3 - CLI branch & conflict 3.1. 브랜치의 기본사용법,2019-02-02,7743.0,57.0,4.0,생활코딩
hShEABAeo4k,git3 - CLI branch & conflict 4.1. 병합,2019-02-02,6251.0,58.0,4.0,생활코딩
jGExvpeJ_fs,git3 - CLI branch & conflict 4.2. 병합 : 서로 다른 파일 병합,2019-02-02,6251.0,44.0,4.0,생활코딩
kAtSoDcRt6A,git3 - Sourcetree branch & conflict 4.1. 병합,2019-02-02,2116.0,23.0,0.0,생활코딩
mLNHnTx_w0s,git3 - TortoiseGit  branch & conflict 4.2. 병합 : 서로 다른 파일 병합,2019-02-02,504.0,2.0,0.0,생활코딩
nTFPmjMCuHI,git3 - TortoiseGit  branch & conflict 1. 수업소개,2019-02-02,1002.0,7.0,1.0,생활코딩
wpCvUIb3K30,git3 - branch & conflict 7. 수업을마치며,2019-02-02,5098.0,94.0,3.0,생활코딩
cF-benxMxpE,코딩야학 5기 라이브 - 2019년 1월 21일 - 졸업식,2019-01-21,2719.0,49.0,7.0,생활코딩
9nwQy1F51OA,코딩야학 5기 라이브 - 2019년 1월 16일,2019-01-16,2510.0,72.0,1.0,생활코딩
PM2S0OQJ0RI,코딩야학 5기 라이브 - 2019년 1월 15일,2019-01-15,2203.0,48.0,4.0,생활코딩
PqZI3avWeQ4,코딩야학 5기 라이브 - 2019년 1월 14일,2019-01-14,2198.0,58.0,1.0,생활코딩
E6oUf7JVp9c,코딩야학 5기 라이브 - 2019년 1월 11일,2019-01-11,1968.0,47.0,4.0,생활코딩
yYfmPApHjYA,코딩야학 5기 라이브 - 2019년 1월 10일,2019-01-10,2464.0,68.0,6.0,생활코딩
AEUESN9ziBc,코딩야학 5기 라이브 - 2019년 1월 9일,2019-01-09,2429.0,74.0,0.0,생활코딩
Gn3Ol-GhOkA,코딩야학 5기 라이브 - 2019년 1월 8일,2019-01-08,2856.0,67.0,0.0,생활코딩
