video_id,title,date,view,likecnt,comment,channel_name
ndssNKbFOEo,아이오닉5 예약부터 출고까지 일어난 모든 일들 브리핑 (취소차 받았어요),2022-10-02,7901.0,232.0,334.0,판교뚜벅쵸
rxpjOVRNAqM,[뚜데] #23 내가 목격한 개발자의 다양한 성향들 (개발자에 대한 편견 부숨),2022-09-25,13397.0,387.0,147.0,판교뚜벅쵸
GCwMknMKcmo,[뚜데] #22 이제와서 생각해보니 승질나는 신입 개발자 시절의 일화 (신입 개발자분들께 하고싶은 이야기),2022-09-18,12484.0,400.0,132.0,판교뚜벅쵸
CzRgK9rFc1Y,평화로운 결혼 후 첫 명절.. 고향가서 유물발견,2022-09-11,7732.0,214.0,102.0,판교뚜벅쵸
gyk7b9LiSTU,[뚜데] #21 애플의 역사 왜곡..? 백엔드 개발자로서 쉽게 설명해드림,2022-09-04,12581.0,344.0,128.0,판교뚜벅쵸
fA8_oyPH90w,안식휴가 끝나고 신사옥으로 출근했습니다. (feat. 복귀 후유증),2022-08-28,19607.0,464.0,209.0,판교뚜벅쵸
gcw342QeLQE,"[뚜데] #20 ""개발자한테 맥북이 필수인가요?"" ""개발할때 m1 맥북 써도 될까요?"" 에 대한 답변",2022-08-21,30680.0,476.0,408.0,판교뚜벅쵸
SU4Eqj6SERk,한 달 안식휴가 끝났습니다.. 그동안 집에서 뭐하고 지냈나면.. (찐내향인 집돌순이 개발자 부부의 집콕 휴가),2022-08-14,15712.0,398.0,274.0,판교뚜벅쵸
MJtxz_BZpgw,[뚜데] #19 (도서증정10명!!) git은 기본중에 기본이니까 모르면 이 책 꼭 보세요!! '모두의 깃 & 깃허브',2022-08-10,7604.0,255.0,211.0,판교뚜벅쵸
KlZnQIteAns,"찐 개발자를 위한 대박 노트앱을 찾았습니다. ""옵시디언 (Obsidian)"" (feat. 노션이랑 맞짱 가능?)",2022-08-07,52126.0,1088.0,253.0,판교뚜벅쵸
crgm-hp8Bug,코딩모드가 있는 시력보호 모니터가 있다..? BenQ 아이케어 모니터 (GW2785TC) + 스크린바 플러스,2022-08-03,6808.0,118.0,106.0,판교뚜벅쵸
C7AZCq7acLY,[구독자이벤트] 개발자인 제가 재택근무 책상으로 쓰는 제로스테이션 가질사람? (209 애비뉴 제로스테이션 스탠다드 제로스테이션 타워 실사용기 집중리뷰),2022-07-31,12047.0,304.0,1470.0,판교뚜벅쵸
JRodLB5qZKA,여행 안 좋아하는 파워 내향인 부부가 부산 호캉스가면 일어나는 일 (feat. 이정재 / 시그니엘 / 아난티 코브),2022-07-24,11156.0,247.0,147.0,판교뚜벅쵸
4dKFTBS16Ic,개발자가 웬 마이크 소개를..? 그럴만하니까 합니다 (elgato WAVE:3 White Edition 엘가토 웨이브 3 화이트 에디션),2022-07-20,6281.0,145.0,80.0,판교뚜벅쵸
sR3hsHTGUXw,개발 얘기 포기하고 걍 일상 공유나 하겠습니다. (노래 제목으로 표현하는 이번주 일상),2022-07-17,9199.0,287.0,194.0,판교뚜벅쵸
YDNg6vwezAw,제주 신라호텔 신혼여행 내내 처먹기만 한 vlog (집순이 집돌이 개발자 부부의 호캉스 신혼여행),2022-07-10,13598.0,391.0,283.0,판교뚜벅쵸
dO1IqaBvpl8,"[뚜벅투어] #6 제주 카카오 스페이스 닷원, 닷투 (4k) (Korea walking tour, jeju kakao space dot1, dot2)",2022-07-06,8670.0,155.0,99.0,판교뚜벅쵸
fWc4c59H9So,결혼 휴가로 한 달 안식휴가 쓰는 판교 개발자 부부의 이야기 (feat. 판교 모 IT 회사의 복지 끝판왕),2022-07-03,17070.0,553.0,279.0,판교뚜벅쵸
7eoONOLBRx0,(결혼 FAQ) 뚜자친구와의 첫 만남 썰 (내향적인 개인주의 개발자 커플의 첫 만남),2022-06-26,14835.0,557.0,267.0,판교뚜벅쵸
R5V8UBF8lKg,(결혼 FAQ) 결혼 한다니까 사람들이 똑같은걸 계속 물어봐서 만든 극현실주의 개발자 커플의 영상,2022-06-19,14354.0,474.0,213.0,판교뚜벅쵸
M4vWdw7Nqf0,"[개색key] #2 로지텍에서 겁도없이 개발자용 키보드를 출시했다고 합니다. feat 마우스 (Logitech MX Mechanical mini, MX Master 3S)",2022-06-12,31241.0,461.0,232.0,판교뚜벅쵸
re8mZxQOFIc,"이 영상에 대해 2년만에 해명하겠습니다.. (리얼한 판교 개발자의 삶을 알려주겠다는 프로그래머, 판교 개발자들은 진짜로 이렇게 살까?)",2022-06-05,15846.0,425.0,285.0,판교뚜벅쵸
emJhHqJlmI8,지옥의 새벽 배포 vlog (늬들은 개발자 하지 마라..),2022-05-29,19430.0,449.0,244.0,판교뚜벅쵸
mSIXUw55W9w,고3때 담임쌤 찾아뵀다가 갑분싸인회; vlog,2022-05-15,9826.0,248.0,109.0,판교뚜벅쵸
2Acb-hPB6Fk,[뚜데] #18 취준생에게 강력 추천하지만 현직자는 팀장 몰래봐야되는 책 (면접을 위한 CS 전공지식 노트),2022-05-08,13601.0,516.0,155.0,판교뚜벅쵸
6JFrnpXqLIU,ISTJ 개발자 남친의 웨딩 드레스 피팅 리액션 (feat. 남영동 스테이크 골목),2022-05-01,12929.0,334.0,165.0,판교뚜벅쵸
pdTj739BD4c,우당탕탕 GitHub 청첩장 만든 이야기 (만들면서 갖다 쓴 것들 소개 포함),2022-04-24,19479.0,558.0,161.0,판교뚜벅쵸
2ahA9IMnoIU,멘붕의 일주일 (위꼴 주의),2022-04-17,18496.0,441.0,174.0,판교뚜벅쵸
1i1__BqSg0c,*뚜벅이 탈출 기원* 우당탕탕 전기차 시승기 (10년 동안 뚜벅이로 지낸 이유),2022-04-10,16604.0,416.0,228.0,판교뚜벅쵸
Ckj04Qa49cY,판교에서 웨딩 스냅 찍는 개발자 커플이 있다..?,2022-04-03,18383.0,621.0,327.0,판교뚜벅쵸
wvXetjh0fOE,[뚜데] #17 개발자가 된 이유 (판뚜 갓기 시절),2022-03-27,21215.0,532.0,168.0,판교뚜벅쵸
4btfWYJh_tM,개발자 커플의 밸런스게임,2022-03-20,14645.0,353.0,154.0,판교뚜벅쵸
1zB_8H-eyck,집들이 손님인 척하면서 판뚜하우스를 뺏으러 온 데부장과 진상품,2022-03-13,19664.0,392.0,164.0,판교뚜벅쵸
fIbSCdpYuDE,프로 야근러용 선물로 이만한 게 있을까 싶은 모니터 조명 '럭시 MX1',2022-03-06,11545.0,215.0,106.0,판교뚜벅쵸
MpgFe8a1gkE,[날것vlog] 요리에 관심을 갖기 시작한 뚜자친구 (feat. T형 인간의 프로그래밍 된 리액션),2022-02-27,14338.0,440.0,268.0,판교뚜벅쵸
1EcrsPNNaRo,[뚜데] #16 서비스 접은 썰 2편 - '도쿄의 중심에서 종료를 외치다',2022-02-20,13452.0,351.0,183.0,판교뚜벅쵸
BmiLgkNjOMs,"[날것vlog] 왓츠 온 뚜's 데스크 (10년차 백엔드 개발자 커플의 재택근무 데스크 셋업, what's on my desk)",2022-02-13,41168.0,776.0,275.0,판교뚜벅쵸
XxCvvM7Ayq8,[날것vlog] 진정한 와식 생활 준비를 완료한 vlog (까사미아 뉴로건 리클라이너 소파),2022-02-06,16471.0,286.0,168.0,판교뚜벅쵸
IK3vA0DYrWA,[뚜데] #15 서비스 접은 썰 1편 - '안녕 나의사람',2022-01-23,16598.0,576.0,238.0,판교뚜벅쵸
vf-ZZYUDKI8,"[뚜데] #14 '나도 끼고 싶다!!' 컴공 드립 설명해드림 (개발자 드립, 컴공 짤)",2022-01-16,18963.0,378.0,187.0,판교뚜벅쵸
8X1rNqXg96Q,[뚜데] #13 언어 하나만 잘 파면 개발자 될 수 있나요?,2022-01-09,17560.0,411.0,150.0,판교뚜벅쵸
3zfrQVd1JLg,[날것vlog] 노란회사 개발자 커플의 새해맞이 vlog (feat. 연말대응),2022-01-02,20447.0,442.0,218.0,판교뚜벅쵸
zJ0vLuxcKW8,[날것vlog] 크리스마스고 뭐고 걍 집안일이나 한 vlog,2021-12-26,13928.0,357.0,157.0,판교뚜벅쵸
WusN67DTOnw,[날것vlog] 건강보단 영상이 우선이라서 만든 vlog,2021-12-19,11485.0,332.0,175.0,판교뚜벅쵸
S7C5eDUQMjk,"[날것vlog] new 판뚜하우스 투어 (19년차 26평 올수리 인테리어, 개발자 부부의 재택근무 방, 랜선 집들이)",2021-12-12,35351.0,849.0,401.0,판교뚜벅쵸
CqrtOagRxjY,[날것vlog] 그동안 감사했습니다. 판교 뜹니다.,2021-12-05,20038.0,685.0,275.0,판교뚜벅쵸
H1oqitJSld0,[날것vlog] 영 좋지 못한 타이밍의 결혼 준비,2021-11-28,14868.0,474.0,290.0,판교뚜벅쵸
TkfhTVVksEA,[뚜데] #12 쌀 팔던 29세 비전공자가 입문 6개월만에 개발자 되고나서 전하는 취업 노하우 썰 ('오늘부터 개발자' 도서 증정 이벤트),2021-11-14,16239.0,357.0,258.0,판교뚜벅쵸
7YKlOGgZStg,[뚜데] #11 일 잘하는 개발자가 갖출 점 하나를 꼽자면.. (신입을 위한 팁 한개 + 코딩 실력보다 더 중요한거 알려드림),2021-11-07,22786.0,687.0,186.0,판교뚜벅쵸
xXYQDzkydws,[뚜데] #10 개발자의 영원한 고충.. '이름짓기'가 어려운 이유,2021-10-31,20490.0,553.0,298.0,판교뚜벅쵸
Hxg4Qmd90Xk,[날것vlog] 8년만에 드디어 뚜자친구 가족에 정식 인사를.. (그리고 대출 등 그밖에 근황),2021-10-24,17511.0,411.0,234.0,판교뚜벅쵸
LVHARVAqi0c,"[뚜벅투어] #5 판교대장지구 (4k) (Pangyo, Korea walking tour, 대장동 부동산 시세)",2021-10-17,9423.0,156.0,175.0,판교뚜벅쵸
a3tot1OiO8o,[날것vlog] 지금 집 구한거.. 괜찮은거겠죠..? (집 구하는 이야기 2),2021-10-03,17799.0,385.0,216.0,판교뚜벅쵸
t7EwQOUvxb4,[날것vlog] 갑자기 인생의 급전개.. 집 구하느라 바쁜 vlog,2021-09-26,16949.0,525.0,318.0,판교뚜벅쵸
E6DN0MNpgLo,[날것vlog] 개발자 커플의 8주년 기념 식사 vlog (판교 메리가든 merry garden 데이비드&룰스 david&rules),2021-09-12,21470.0,412.0,293.0,판교뚜벅쵸
u9OSyEGf_Tg,[뚜데] #9 구독자 30k 기념 잡담 및 막간 Q&A,2021-09-05,17157.0,552.0,294.0,판교뚜벅쵸
nLQdrsbpcPA,[날것vlog] 뜨개질 돕는 앱 기획하다가 유저의 니즈를 잘못 파악해서 망한 vlog,2021-08-29,16436.0,322.0,136.0,판교뚜벅쵸
mWzXapQCoA4,[뚜데] #8 이 영상 안 보면 노란회사 입사 첫날 완전 낭패 봅니다. 아무도 안 알려주는 그 회사의.. 근데 이런 거 알려줘도 되나?,2021-08-22,33470.0,630.0,348.0,판교뚜벅쵸
_YetC1i4-Mg,[뚜데] #7 백엔드 개발자가 바라보는 현업 프론트엔드 개발 (프론트론트론트 만만하니? 하!),2021-08-15,53079.0,882.0,508.0,판교뚜벅쵸
teSFGI5gZv4,[날것vlog] 여름 휴가 안 가고 집에 처박혀서 각자 할 일 하며 시간을 보내는 개발자 커플 vlog,2021-08-08,18558.0,388.0,202.0,판교뚜벅쵸
avbcu8nE3b8,[날것vlog] 1년만에 돌아온 새벽배포 vlog,2021-08-01,24140.0,461.0,176.0,판교뚜벅쵸
RNS2xo1DUo4,"[날것리뷰] 휴대용 모니터 ""카멜 프리즘"", 찐 디지털 노마드를 위한 마지막 퍼즐 조각 (CPM1520BT Portable Monitor Camel Freesm)",2021-07-25,15226.0,182.0,128.0,판교뚜벅쵸
gBxLyjLjB1k,"[날것vlog] 본격 메타버스의 시대 Gather.town 출근 vlog (개더 타운, 재택근무)",2021-07-18,33271.0,601.0,213.0,판교뚜벅쵸
Ha5PWvTPoug,[날것리뷰] '차근차근 게임 코딩' 실제 코딩에 도움이 될까? (닌텐도 스위치),2021-07-11,24346.0,248.0,141.0,판교뚜벅쵸
vos0L3M7DCw,"[개색key] #1 듀가드 퓨전, 맥북쓰는 개발자에게 미니키보드란? (드루갓 두르갓 기계식키보드 mechanical keyboard DURGOD FUSION)",2021-07-04,15606.0,218.0,180.0,판교뚜벅쵸
kn-RkaLKTrM,[날것vlog] 롯데월드 타워 81층 한식당 '비채나'에서 상품권 털고온 vlog (주말 저녁 '구학 코스'),2021-06-27,16350.0,311.0,163.0,판교뚜벅쵸
feqiFOxRRGA,샤이니와 소주에 진심인 뚜자친구 #Shorts (feat. 샤이니x진로),2021-06-25,19736.0,239.0,62.0,판교뚜벅쵸
gXfEE6v5bSI,"[뚜데] #6 백엔드 개발자 면접관으로 들어가서 느낀점, 팁, 썰 풉니다.",2021-06-20,62816.0,1813.0,511.0,판교뚜벅쵸
91C5YybRwf4,항상 공부하는 뚜자친구의 삶 #Shorts (feat. 아이돈케어 팝업파우치),2021-06-16,36464.0,555.0,146.0,판교뚜벅쵸
OwaFF5RPMkE,[날것vlog] 얀센 백신 맞고온 vlog (얀센 접종 후기),2021-06-13,11644.0,237.0,172.0,판교뚜벅쵸
yW35vmVonbE,저 오늘 생일입니다. 뚜자친구 신용카드 털었습니다. (라무진 판교점 양갈비) #Shorts,2021-06-08,21492.0,441.0,208.0,판교뚜벅쵸
kZy4d9kDgP8,[뚜데] #5 이 책이 재미없다면 컴공 가지마라. 휴먼. ('처음 떠나는 컴퓨터과학 산책' 도서 증정 이벤트),2021-06-06,13994.0,308.0,204.0,판교뚜벅쵸
yXnwubvvTmI,갑자기 양대창 (판교 양바위) #Shorts,2021-06-05,17660.0,319.0,104.0,판교뚜벅쵸
jAr4Sd-QiZA,"[날것리뷰] 모니터암은 그냥 사는거에요 (feat. 카멜마운트 BMA-2, RT-2)",2021-05-30,15168.0,280.0,138.0,판교뚜벅쵸
oZ2pnd8Wgr4,"[뚜벅투어] #4 판교 인근 아파트 실거래가 (4k) (Pangyo, Korea walking tour, 경기도 부동산 시세)",2021-05-23,23446.0,368.0,320.0,판교뚜벅쵸
GdbQPmZB6bc,[뚜데] #4 이벤트 당첨자 추출 썰 풀면서 개발자 환상 부순 후 드립 장원 소개하는 영상,2021-05-16,11238.0,230.0,140.0,판교뚜벅쵸
STlaIlvPlZE,"[날것vlog] 커플 기계식 키보드 장만 기념 vlog (feat. 강변 테크노마트, 토체티)",2021-05-09,30101.0,455.0,309.0,판교뚜벅쵸
6J2jCaGfe64,[뚜데] #3 '판교의 젊은 기획자들' 책 소개 📖 근데 이제 도서 증정 이벤트를 곁들인,2021-05-02,7141.0,189.0,140.0,판교뚜벅쵸
mtsaElne1zE,[날것vlog] 1년만에 다시 찍는 판교 개발자 재택근무 vlog (확 달라진 재택 근무 환경),2021-04-25,37313.0,588.0,398.0,판교뚜벅쵸
UAnAhhl7vNk,[뚜데] #2 IT업계 실무자 관점에서 바라본 프로그래머 유머 (우유와 달걀 이야기) with 네이버 클로바더빙,2021-04-18,30340.0,559.0,245.0,판교뚜벅쵸
szWzW0OTKbY,[뚜데] #1 현직 판교 개발자로서 연봉 기사들에 대해 솔직한 말씀 드려봅니다,2021-04-04,169576.0,2024.0,1127.0,판교뚜벅쵸
rrUbcYxbat4,[날것vlog] 메타버스 시대에 발맞춰 Earth 2를 살짝 맛본 개발자 vlog (feat. 판교인 연봉관련 뉴스 반응),2021-03-28,16964.0,239.0,133.0,판교뚜벅쵸
Mdm7jIQB6u4,[날것vlog] 맥시멀리스트 끝판왕 재택 근무 환경 구경잼 vlog,2021-03-21,18964.0,473.0,211.0,판교뚜벅쵸
suki5R1S-Lw,[날것vlog] 평소에 독서를 전혀 하지 않지만 서점 가는건 좋아하는 개발자 커플 vlog,2021-03-14,12186.0,280.0,154.0,판교뚜벅쵸
BNRcNA5D-nU,"[꼬기집개] #7 비전공자도 쉽게 이해 가능한 IT 관련 책 없나요? ""IT 좀 아는 사람""",2021-03-07,10726.0,196.0,140.0,판교뚜벅쵸
y0eqWW6AdVY,[날것vlog] 집돌이 집순이 개발자 커플의 은밀한 취미 생활 vlog (덕질),2021-02-28,18277.0,224.0,176.0,판교뚜벅쵸
mPuhKB8DPbg,[날것리뷰] roumo front stool 협찬이 온 바람에 어떻게든 쥐어짜본 사용기 (로우모 프론트 스툴 발받침),2021-02-21,8350.0,149.0,105.0,판교뚜벅쵸
p0BN9VjKTNY,[날것vlog] 발렌타인데이 기념 평소에 안 하던 짓 했다가 머쓱해진 개발자 vlog (feat. 그리디톰),2021-02-14,14341.0,388.0,164.0,판교뚜벅쵸
hlergH6h2XU,[날것리뷰] 일하려고 산건데 기능이 너무 많은 삼성 스마트 모니터 M7 실사용기 (feat. 쿠팡 로켓와우 교환기),2021-02-07,23744.0,274.0,167.0,판교뚜벅쵸
lmGCGC3UvS4,"[꼬기집개] #6 어떤 개발자를 찾아가야 할까? with 네이버 클로바더빙 (꼬꼬마 기획자에게 집어넣는 개발지식, 개발강의 개발개념 개발기초)",2021-01-31,14084.0,427.0,215.0,판교뚜벅쵸
rXYK8EpSNOY,[날것vlog] 개발자가 명절 열차 예매하는 vlog (딜쿡마켓),2021-01-24,18504.0,500.0,333.0,판교뚜벅쵸
AM0dkms_lEo,[날것vlog] 대출 연장하러 오랜만에 회사왔을 뿐 아무런 내용이 없는 vlog,2021-01-17,18087.0,409.0,215.0,판교뚜벅쵸
dL-osTk93Uw,"[날것vlog] 회사 개발자 다 모인 단톡방에서 실수로 쌍욕한 친구를 목격한 안타까운 vlog (with 네이버 클로바더빙, 수라안)",2021-01-10,25632.0,548.0,347.0,판교뚜벅쵸
0QvLLrK3n6o,[날것vlog] 협찬받은 삼겹살과 한해를 마무리한 개발자 vlog (feat. 새해 모니터링 살짝) (딜쿡마켓 표고버섯숙성 오븐초벌삼겹살),2021-01-03,14640.0,387.0,233.0,판교뚜벅쵸
Ky9uk66kg_8,[날것vlog] 이 시국에 회식하는 판교 개발자 vlog (비대면회식 언택트회식 랜선회식 온라인회식 화상회식 송년회),2020-12-27,24119.0,511.0,265.0,판교뚜벅쵸
GSpQ7J381GU,[날것vlog] 구독자 20k 기념 댓글 읽기 + 셀프 검색 + 투 머취 토크,2020-12-20,26079.0,620.0,552.0,판교뚜벅쵸
uZH_mnOtjZ4,[판뚜OST] BGM Compilation #1,2020-12-20,6291.0,162.0,94.0,판교뚜벅쵸
ZE-qDkvTYnU,[날것vlog] 타서비스 장애를 바라보는 개발자커플의 흔한 대화 (개발자 vlog 브이로그 판교개발자 프로그래머),2020-12-14,175332.0,2500.0,640.0,판교뚜벅쵸
bNYo8pYp2MQ,[날것리뷰] 개발자 재택근무용 의자 시디즈 T25 (sidiz 프로그래머 단신 쪼꼬미 키작남),2020-12-06,36535.0,393.0,223.0,판교뚜벅쵸
7OFfUJmxZak,[날것vlog] 재택근무용 소소한 장비빨 갖춰본 개발자 vlog (개발자 vlog 브이로그 판교개발자 프로그래머),2020-11-29,36244.0,547.0,310.0,판교뚜벅쵸
bC7QSPXnvww,[뚜벅투어] #3 서울시 용산구 한남동 (4k) (Seoul Yongsan Hannam Korea walking tour/GoPro/timewarp/online tour 서울구경),2020-11-21,16275.0,357.0,236.0,판교뚜벅쵸
D9SZOwPvIyM,[날것vlog] 같은회사 개발자 커플이 서버 모니터링하는 vlog (개발자 vlog 브이로그 판교개발자 프로그래머),2020-11-15,51500.0,754.0,326.0,판교뚜벅쵸
5S5JTmPD91k,[날것vlog] 개발자가 밤샘 배포하는 vlog (개발자 vlog 브이로그 판교개발자 새벽배포 프로그래머),2020-11-08,75830.0,941.0,287.0,판교뚜벅쵸
uq1w3ul2ep8,[날것vlog] 디톡스 다이어트에 도전해보았습니다.,2020-10-31,13147.0,302.0,155.0,판교뚜벅쵸
ILLVIn4At3I,"[꼬기집개] #5 개발자들은 왜 자꾸 💩을 만들까? (꼬꼬마 기획자에게 집어넣는 개발지식, 개발강의 개발개념 개발기초)",2020-10-24,26152.0,666.0,252.0,판교뚜벅쵸
pcpVx9J3pGE,[날것리뷰] 시저 샤인 울트라 사용기 (저렴한 비파괴 북 스캐너/Czur shine ultra/book scanner),2020-10-18,21970.0,290.0,136.0,판교뚜벅쵸
ZeKtg8Kf9g0,"[뚜벅투어] #2 정부세종청사 (4k) (Government Complex Sejong, Korea walking tour/GoPro/online tour/공무원/공시생/국정감사)",2020-10-08,9581.0,191.0,142.0,판교뚜벅쵸
AubLZezHE_c,"[뚜벅투어] #1 판교 테크노벨리 (4k) (Pangyo, Korea walking tour/GoPro/timewarp/online tour/언택트/비대면투어/사이버산책)",2020-10-02,48295.0,918.0,459.0,판교뚜벅쵸
4MooCL7SdRE,[날것vlog] 근황 보여주는 척하면서 은근슬쩍 유료광고 넣으려다 망했지만 그냥 올리는 vlog,2020-09-27,11123.0,262.0,134.0,판교뚜벅쵸
SmgxJmS6t44,[날로먹는vlog] 카메라를 중고로 팔았어요.. 왜냐면..,2020-09-24,7580.0,235.0,111.0,판교뚜벅쵸
svNu_CgSh1w,[날것vlog] 손흥민 선수와 함께 차크닉 갔다가 폭망한 vlog (뿅카 차박패키지 차박 손흥민 슈퍼쏜데이 쏜세이셔널 슈퍼쏜),2020-09-20,12631.0,280.0,160.0,판교뚜벅쵸
w0w4PvooOmY,"[꼬기집개] #4 이 책 보면 개발자랑 말이 통할까요? (꼬꼬마 기획자에게 집어넣는 개발지식, 개발강의 개발개념 개발기초, 비전공자를 위한 이해할 수 있는 IT 지식 )",2020-09-06,70410.0,601.0,197.0,판교뚜벅쵸
vtgYVa0ytmE,[날것vlog] 코로나19 때문에 집에 잘 못가서 만든 vlog (세종특별자치시 세종시 조치원 충청도),2020-08-30,15851.0,410.0,238.0,판교뚜벅쵸
xPUzK5yyfQQ,[날것Q&A] 판교 뚜벅쵸 TMI 대방출 (1만 구독 기념 Q&A 3편) (프로그래머 개발자),2020-08-16,39068.0,688.0,320.0,판교뚜벅쵸
dGgUi3oNN_Y,[날것Q&A] 판교 라이프 (1만 구독 기념 Q&A 2편) (판교맛집 워라밸 야근 반바지 수평문화 프로그래머 개발자),2020-08-09,36510.0,720.0,224.0,판교뚜벅쵸
GTVqESadg5Y,[날것Q&A] 어떻게 K사 개발자가 되셨나요? (1만 구독 기념 Q&A 1편) (취준 프로그래머 판교),2020-08-02,113195.0,1982.0,385.0,판교뚜벅쵸
q-6rEgKGRJ0,[날것vlog] 드디어 협찬을 받았습니다!! '주선생과 요리'에서 닭갈비와 육포를 받았습니다 (개발자 vlog 브이로그 판교개발자 판교맛집),2020-07-26,18812.0,597.0,218.0,판교뚜벅쵸
4ARg8n-weiw,[날것vlog] 판교 테크노벨리에서 삼계탕을 먹었습니다. 그것이.. 복날 이니까..! (개발자 vlog 브이로그 판교개발자 삼계탕 판교맛집),2020-07-15,19396.0,404.0,188.0,판교뚜벅쵸
k6AD4uUv-L8,[날것vlog] 구독자 10k에 감사하는 소감,2020-07-13,11604.0,425.0,203.0,판교뚜벅쵸
7rieuilvkc8,[날것vlog] 개발자들은 과연 머리가 좋을까? (개발자 vlog 개발자 브이로그 판교개발자 프로그래머 두뇌트레이닝),2020-07-11,36314.0,609.0,145.0,판교뚜벅쵸
d6jdWFKwaww,"[꼬기집개] #3 운영툴에 필드 하나 추가하는게 그리 큰일이야? (꼬꼬마 기획자에게 집어넣는 개발지식, 개발강의 개발개념 개발기초, 운영툴)",2020-06-27,53147.0,1095.0,497.0,판교뚜벅쵸
c6-_1u5MCaI,[날것vlog] ISTJ 개발자와 잔뜩 흑화된 칭구칭긔들 (feat. MBTI) (개발자 vlog 개발자 브이로그 판교개발자 프로그래머 MBTI),2020-06-20,68764.0,1189.0,523.0,판교뚜벅쵸
Zg6bJ2lr2HY,[날것vlog] 구독자 1k에 감사하는 소감,2020-06-09,10012.0,321.0,259.0,판교뚜벅쵸
2aNkwbNLsXg,[날것vlog] 판교 개발자들은 진짜로 이렇게 살까? (feat. 디씨프갤) (개발자 vlog 개발자 브이로그 판교개발자 프로그래머 프로그래밍 갤러리 디씨인사이드),2020-05-16,861202.0,7233.0,2076.0,판교뚜벅쵸
5GUpKBLllto,나비보벳따우 Rock 버전 만들어봤습니다 (k.k.house rock version nabi bobet tau animalcrossing ipad 노동요 동물의숲 모동숲 편곡),2020-04-19,8206.0,219.0,55.0,판교뚜벅쵸
NIPH63_6MhA,"[날것vlog] 코로나19 때문에 재택근무하는 판교 개발자의 역대급 없어보이는 vlog (개발자 vlog, 개발자 브이로그)",2020-02-29,70273.0,854.0,229.0,판교뚜벅쵸
ev3bcx4yvow,"[꼬기집개] #2 데이터베이스를 쉽게쉽게 알아보자 (꼬꼬마 기획자에게 집어넣는 개발지식, 개발강의 개발개념 개발기초 웹서비스 모바일서비스 database)",2020-01-29,42079.0,809.0,159.0,판교뚜벅쵸
gjS9w7oTAUc,"[꼬기집개] #1 개발자 구분하기, 서비스의 기본 알기 (꼬꼬마 기획자에게 집어넣는 개발지식, 개발강의 개발개념 개발기초 웹서비스 모바일서비스 api 서버 클라이언트)",2020-01-27,53995.0,1137.0,109.0,판교뚜벅쵸
vyQBR_qt_vc,"[날것vlog] 여행에 관심없는 개발자 커플이 제주도가면 벌어지는 일 (개발자 vlog, 제주도, 제주맛집)",2020-01-01,42667.0,610.0,166.0,판교뚜벅쵸
IjwH4QxAmIM,"[날것vlog] 찐 집돌이 개발자의 런닝 도전 이야기 (판교 우리 재활의학과 원장님 감사합니다, 개발자 vlog)",2019-11-10,15247.0,230.0,51.0,판교뚜벅쵸
07xa4ye6quw,[안내] 구독자 고작 100 이벤트 안내,2019-11-09,3509.0,63.0,12.0,판교뚜벅쵸
ZW3Br8CT35o,[날것vlog] 중고나라 사기당한 흔한 개발자 (개발자 vlog),2019-11-07,13265.0,220.0,45.0,판교뚜벅쵸
02mgdU4pok8,"[날것vlog] 서버 개발자의 ""저기요"" 앱 개발 도전 폭망 후기 (개발자 vlog)",2019-10-24,89557.0,1786.0,575.0,판교뚜벅쵸
cVN1ZMgHD8A,[날것vlog] 공화춘 판교점 존맛탱구리 vlog (짜장 짬뽕 탕수육 새우볶음밥),2019-10-09,18463.0,208.0,52.0,판교뚜벅쵸
F8h6ozwy1Bg,"[날것리뷰] 아이패드 미니5가 좋은 이유, 6세대와 비교 (휴대성 깡패, 생산성 좋음, 루마퓨전 편집도 가능)",2019-10-05,14565.0,138.0,25.0,판교뚜벅쵸
eQ3oeEbtX2o,[날것vlog] 인스타각을 찾아서.. 남한산성 “카페오르” 방문기 vlog,2019-10-02,13193.0,197.0,39.0,판교뚜벅쵸
4JVLGOGVOL8,[날것vlog] 애플스토어 가로수길 아이패드 미니5 묻지마 환불 교환 vlog (개발자 vlog),2019-09-27,23889.0,174.0,52.0,판교뚜벅쵸
_Jv-k4DRof4,[날것vlog] 애플스토어 가로수길 아이패드 미니 구입기 vlog (개발자 vlog),2019-09-22,21228.0,246.0,46.0,판교뚜벅쵸
wRmHAsEFO8g,"[날것vlog] 실제 개발자가 하는 일들 (부제 : 개발자에 대한 환상 부셔드립니다, 개발자 vlog)",2019-09-11,154149.0,1678.0,505.0,판교뚜벅쵸
PIG0gCrkY5Y,[날것vlog] 나무늘보 개발자 커플의 소소한 6주년 기념일 vlog (개발자 vlog),2019-09-08,49367.0,775.0,111.0,판교뚜벅쵸
vIdzOpFjnvY,[날것vlog] 블루보틀 역삼점 방문기 vlog 1분컷,2019-08-23,12369.0,171.0,24.0,판교뚜벅쵸
KvT4C357Oio,"[날것vlog] 나무늘보 판교 개발자 커플의 여름휴가 vlog (스타필드 하남 아쿠아필드 찜질방, 판교 하누마루, 개발자 vlog)",2019-08-17,43790.0,631.0,118.0,판교뚜벅쵸
ebLY1pU9HV8,[날것vlog] 뭉치와 친해지고 싶은 판교 개발자 (개발자 vlog 반려견 강아지 애완동물 반려동물 비숑),2019-08-03,15460.0,268.0,15.0,판교뚜벅쵸
9RHJscLZEDI,"[날것vlog] 뜨개질하는 판교 여개발자의 노후대비책 (곰돌이 코스터 나눔행사, 개발자 vlog)",2019-08-01,31138.0,552.0,110.0,판교뚜벅쵸
AboStjDLnzs,[날것vlog] 과묵한 판교 개발자 커플의 하이퍼리얼리즘 vlog (개발자 vlog),2019-07-28,73255.0,886.0,173.0,판교뚜벅쵸
fmGlQKuaUjw,[날것vlog] 판교 개발자의 하이퍼리얼리즘 vlog (개발자 vlog),2019-07-23,91123.0,911.0,173.0,판교뚜벅쵸
